scope,artifact,arm,training_seed,evaluation_seed,status,units,ADE_world,FDE_world,JADE,JFDE,Collision_Rate
E_joint,E_joint_baseline,baseline,,,PENDING,,,,,,
E_joint,E_joint_A0_3101,A0_3101,3101,,PENDING,,,,,,
E_joint,E_joint_A1_3101,A1_3101,3101,,PENDING,,,,,,
E_joint,E_joint_A1_3102,A1_3102,3102,,PENDING,,,,,,
E_joint,E_joint_A0_3102,A0_3102,3102,,PENDING,,,,,,
E_joint,E_joint_A0_3103,A0_3103,3103,,PENDING,,,,,,
E_joint,E_joint_A1_3103,A1_3103,3103,,PENDING,,,,,,
mechanism,mechanism_off,mechanism_off,,,PENDING,,,,,,
mechanism,mechanism_physical,mechanism_physical,,,PENDING,,,,,,
mechanism,mechanism_pure_interaction_off,mechanism_pure_interaction_off,,,PENDING,,,,,,
E_official,official_GDTS_independent_validation,baseline,,legacy_run_0,REFERENCE_ONLY_NOT_E_JOINT,m; collision=not available,0.13496,0.1894,,,
E_official,official_GDTS_independent_validation,baseline,,legacy_run_1,REFERENCE_ONLY_NOT_E_JOINT,m; collision=not available,0.13489,0.19518,,,
E_official,official_GDTS_independent_validation,baseline,,legacy_run_2,REFERENCE_ONLY_NOT_E_JOINT,m; collision=not available,0.13447,0.19296,,,
E_official,official_GDTS_independent_validation,baseline,,legacy_run_3,REFERENCE_ONLY_NOT_E_JOINT,m; collision=not available,0.13292,0.1906,,,
E_official,official_GDTS_independent_validation,baseline,,legacy_run_4,REFERENCE_ONLY_NOT_E_JOINT,m; collision=not available,0.13248,0.18887,,,
