arm,epoch,training_seed,dynamic_dominant_mode_fraction,dynamic_mode_mass_sum,dynamic_relation_entropy,energy_mean,energy_std,jdv2_pl_post,jdv2_pl_prior,jdv2_relation_kl,learning_rate,loss_total,mean_KL_r,relation_entropy,teacher_relation_entropy,valid_ADE,valid_ADE_world,valid_Collision_Rate,valid_FDE,valid_FDE_world,valid_Goal_minFDE,valid_JADE,valid_JFDE,valid_Joint_Goal_Compatibility,valid_Joint_Goal_Endpoint_Error,valid_Relative_Motion_Error,valid_minADE@K,valid_minFDE@K
A0,1,3101,0.39713887442841367,0.8883467362116356,1.1343625197475478,-0.20856601109582099,0.10171337776217708,3.0252367259440547,3.035529636967196,0.07915355055364902,0.0001,3.0310134771360184,0.07915355055364902,1.143850705653737,1.0575083025680891,6.961372547978248,0.13478147943170374,0.020387908694428507,9.81754165524329,0.19013576379879132,0.17938210125997003,0.20352699737786578,0.3449912145053654,0.36181591223775583,0.33679159293265154,0.20565870382477727,0.13478147943170374,0.19013576379879132
A0,2,3101,0.4590211145613248,0.8883467375945645,0.9425375490681075,-0.4132363040381273,0.27218212310203455,2.981023982321217,3.0103925455588287,0.12177792563170703,9.95e-05,2.9979542513665596,0.12177792563170703,0.9630498001533726,0.876033389004189,7.0206351469433494,0.13595218373012846,0.020914928502602022,10.00362620975763,0.19372700917792843,0.17938210125997003,0.2025195666243521,0.3427234515244288,0.3592406380241096,0.33477452937722874,0.20410000084156402,0.13595218373012846,0.19372700917792843
A0,3,3101,0.5020837152539848,0.8883467379395753,0.8761144339209083,-0.5437641676648906,0.38751730041580434,2.9635909065587103,2.9955028858031527,0.08703100416998044,9.90025e-05,2.9822276732814847,0.08703100416998044,0.8942508019301634,0.8526180121453156,7.0692395751637624,0.13685944066487982,0.021134297096097234,10.027163043512388,0.194111278168577,0.17938210125997003,0.20311034412405798,0.3443503573233408,0.3621291492636619,0.3358347708840718,0.20213996623171848,0.13685944066487982,0.194111278168577
A0,4,3101,0.5755265424634445,0.8883467384365941,0.8320274398647024,-0.6478444522271603,0.4790922311074102,2.9544039721740782,2.986780460269525,0.058564029159842004,9.85074875e-05,2.973127944324375,0.058564029159842004,0.8556067119218862,0.8275944875589605,7.105006918572543,0.137385530464208,0.020092831015471747,10.076960182292021,0.19488056296145786,0.17938210125997003,0.20301971550235587,0.3440387898103826,0.3571717978905091,0.33400540991864175,0.203804715697685,0.137385530464208,0.19488056296145786
A0,5,3101,0.649733081047566,0.8883467395284584,0.7648690818991671,-0.7106695947185723,0.5435422766465275,2.946926846638339,2.9798512050259673,0.04173471328245675,9.80149500625e-05,2.965719365840938,0.04173471328245675,0.8012544236581101,0.7683044620474156,7.107053087269553,0.13743038368298546,0.021048422330163755,10.24249050982838,0.19813509930606774,0.17938210125997003,0.20095709906367773,0.34317911666074996,0.36231559852996237,0.33391590773891866,0.2040927663696616,0.13743038368298546,0.19813509930606774
A0,6,3101,0.7241193075396685,0.8883467409839246,0.6697922447074821,-0.8056375529400019,0.6304460953978593,2.9407785001085767,2.97366357260265,0.029541588530962084,9.75248753121875e-05,2.9592404846277356,0.029541588530962084,0.7177229485871222,0.6756314163093041,7.0345496802202545,0.136202157635332,0.01971000610285679,10.07451959027782,0.19523010845490596,0.17938210125997003,0.20090155101098706,0.3431185027176326,0.3555954815871854,0.3357548899990454,0.20370811947276082,0.136202157635332,0.19523010845490596
A0,7,3101,0.7926186641273288,0.8883467404655957,0.5583075078908071,-0.8860457373507503,0.7099402586756283,2.9352898028701646,2.968550587870634,0.021411280373762144,9.703725093562657e-05,2.9536522993674645,0.021411280373762144,0.6089850354460672,0.5645344451585214,7.0543588718575245,0.13647325269943267,0.018485286915046948,9.978630385813657,0.19341562640734186,0.17938210125997003,0.20068026441829592,0.3387757052102367,0.3561378444544644,0.33210313085341053,0.2030654792788993,0.13647325269943267,0.19341562640734186
A0,8,3101,0.8509020686181515,0.888346740039566,0.4448472470076717,-0.9522285021609064,0.7787105818740037,2.92960317400375,2.962327548440644,0.015604851522867981,9.655206468094843e-05,2.9474249513633763,0.015604851522867981,0.4940110083613823,0.45075706259885334,7.0369251796675405,0.13637635903471867,0.01953424357343465,10.044629318628743,0.1947801660053096,0.17938210125997003,0.20371148943105774,0.34490679185105005,0.36343379252471864,0.3371572361693958,0.20775026931856455,0.13637635903471867,0.1947801660053096
A0,9,3101,0.8938408138376398,0.8883467401786168,0.34662790382120257,-1.0279028704086808,0.8501394278736841,2.924464538984266,2.9569295286516373,0.011968186133928421,9.606930435754369e-05,2.9418938468572877,0.011968186133928421,0.39096373385812844,0.3521979993763118,7.141771398988881,0.13832124567582096,0.021340289664078044,10.196813596706642,0.1976636988813028,0.17938210125997003,0.2038950693762202,0.3469278891801081,0.356977499450107,0.33832455766753533,0.20481846482398805,0.13832124567582096,0.1976636988813028
A0,10,3101,0.9244022664949949,0.8883467399520371,0.2676733180101036,-1.09510495134994,0.903734025569687,2.9207818537231973,2.9520704208025292,0.009394160574733393,9.558895783575598e-05,2.9373655528959257,0.009394160574733393,0.3064368306482735,0.2731903246464903,7.100840962769692,0.13749058010661935,0.021671215292024478,10.027473668686877,0.19430847879893667,0.17938210125997003,0.20448177722439673,0.34575095590141214,0.36194388258968757,0.33869610082651125,0.20938517852278238,0.13749058010661935,0.19430847879893667
A0,11,3101,0.9453558766371606,0.8883467401170121,0.2072522494765182,-1.166470982955725,0.9445414325169359,2.915878751350462,2.9461381992776414,0.007722826368554925,9.51110130465772e-05,2.931780759215218,0.007722826368554925,0.23966628911514176,0.21190410688241204,6.99191272134271,0.1353933750935764,0.020663992176094,9.982034763148555,0.19331463798724968,0.17938210125997003,0.20204518576142158,0.3422221887249793,0.36711650299054854,0.3338126292347573,0.20887052315507043,0.1353933750935764,0.19331463798724968
A0,12,3101,0.9590918953794983,0.888346738642797,0.16349656057404122,-1.2275662745905844,0.9906915839782439,2.9123545394767714,2.9409772027647456,0.006569613387548775,9.463545798134431e-05,2.927322828742311,0.006569613387548775,0.19113697239135508,0.1671915521714438,6.990935483920943,0.13536627194396808,0.019620653446449823,10.00813963978163,0.19410552872666184,0.17938210125997003,0.20140865665933724,0.3451751305261271,0.36420239410935407,0.33439232587730616,0.20684182315729976,0.13536627194396808,0.19410552872666184
A0,13,3101,0.9698354874240747,0.8883467401174627,0.1272623134878068,-1.282104623006908,1.0293803731478883,2.908836126840758,2.9363102470145024,0.005353595717632889,9.416228069143759e-05,2.9231085463520032,0.005353595717632889,0.14971760060443318,0.13058526016659255,7.029560658617028,0.13615633818455533,0.020768861012177522,9.971500025400792,0.19319661822712317,0.17938210125997003,0.20200323211970958,0.3427653715705101,0.36437726845609003,0.3336815660463625,0.21024480733308898,0.13615633818455533,0.19319661822712317
A0,14,3101,0.9765349833401122,0.8883467381804485,0.10254270409867618,-1.3383718949885701,1.068006425996088,2.905343531193607,2.9316670028268264,0.004607448336582611,9.36914692879804e-05,2.9189660077664388,0.004607448336582611,0.12109834698216516,0.10521417124950111,7.08898301262007,0.13722976698223485,0.020934457663352488,10.040161005866308,0.1945597071230953,0.17938210125997003,0.20435950655825016,0.3442717528054386,0.37323024330783,0.33701602977731926,0.21331885925839456,0.13722976698223485,0.1945597071230953
A0,15,3101,0.9808825474742678,0.888346738713933,0.08577094995203156,-1.3717231112901453,1.0896420579865178,2.903006985629604,2.9279843600280797,0.004025776130894719,9.32230119415405e-05,2.9158982500758976,0.004025776130894719,0.1017415239501313,0.08795712737716203,7.134524179879286,0.13820783740163173,0.0200668813315419,10.08992103788513,0.19570984244996287,0.17938210125997003,0.2061213650667433,0.348913228360078,0.36409173077077006,0.3409251685934455,0.21118717833181447,0.13820783740163173,0.19570984244996287
A0,16,3101,0.984265733992418,0.8883467395841949,0.0721005344947764,-1.4133413711656955,1.1128107934713467,2.9002688914776944,2.9238823029874523,0.0036297197474314327,9.27568968818328e-05,2.9124385704950404,0.0036297197474314327,0.08567465128878361,0.07420881275838598,6.993598386657766,0.13542448184565767,0.020082397719981212,9.937513606129533,0.19256430637338817,0.17938210125997003,0.19988982166174088,0.3403243855332558,0.35346964843613043,0.3299955179559046,0.20548528296391616,0.13542448184565767,0.19256430637338817
A0,17,3101,0.9867522619347918,0.888346738866547,0.06202418285084809,-1.4564878470764049,1.1422251876391933,2.8974010588175667,2.9201573402750234,0.0032556124277508796,9.229311239742364e-05,2.909104763777193,0.0032556124277508796,0.0738077616768499,0.06345471533255419,7.0295761778838655,0.13609012221386882,0.021019797414028495,9.936510401772477,0.19250317423024005,0.17938210125997003,0.20177460130973812,0.341510268654465,0.36101611326710226,0.33248665293029855,0.20828032847703173,0.13609012221386882,0.19250317423024005
A0,18,3101,0.9887264724651197,0.8883467396344071,0.053844761913738666,-1.473697139158534,1.1705435904479529,2.894943097634102,2.916740855482224,0.002883252809303039,9.183164683543651e-05,2.9061302998788596,0.002883252809303039,0.06426713212009202,0.05504534718537632,7.071476454623261,0.13676883572900828,0.018811397160026715,10.03716185169237,0.1944843292465463,0.17938210125997003,0.20273495160587382,0.3452399365802745,0.36480038020383104,0.3378925646163439,0.206623838724715,0.13676883572900828,0.1944843292465463
A0,19,3101,0.9900110257595295,0.8883467404327664,0.04828726583933659,-1.5123572209695446,1.1793825302160716,2.892539386086842,2.912947587283963,0.002716832130048947,9.137248860125932e-05,2.903015168881991,0.002716832130048947,0.057800066870981805,0.04916920173767738,7.061733684195214,0.13673534623596975,0.02004547961673626,10.040678324431505,0.19440549061129472,0.17938210125997003,0.20366455035053946,0.3420231201748751,0.36111621572580477,0.33391694701538327,0.20783092827441987,0.13673534623596975,0.19440549061129472
A0,20,3101,0.9913207353540708,0.8883467413832127,0.04287175409015377,-1.5461407923913029,1.1968445890801411,2.8903367725702434,2.9100525209468486,0.0024238312864782925,9.091562615825302e-05,2.900437029132066,0.0024238312864782925,0.051259053587680466,0.04365711332984021,7.0634455333775845,0.13667042306861657,0.019560728343517592,10.051407445822791,0.19461392783661005,0.17938210125997003,0.19966669017553665,0.34154704725265167,0.3636596845661413,0.33391055274294335,0.20886381454347225,0.13667042306861657,0.19461392783661005
A0,21,3101,0.9921178815407831,0.888346742386652,0.03927821445007371,-1.5836635924135898,1.22050886393889,2.888410244620353,2.9070123148361384,0.0023281986161563834,9.046104802746175e-05,2.89794410178363,0.0023281986161563834,0.0470049809222417,0.03996716002432024,7.069945679471806,0.1368776395264935,0.018434190093487332,10.083636237104535,0.19522033558859675,0.17938210125997003,0.19928524219797233,0.3362650182087686,0.3554660355001871,0.3288353043032831,0.20651027848211567,0.1368776395264935,0.19522033558859675
A0,22,3101,0.9929678586204438,0.8883467418084019,0.0356983525868675,-1.5897752580529467,1.2175812134424049,2.887087226700974,2.904964995404746,0.0020925710253165996,9.000874278732444e-05,2.896235369924289,0.0020925710253165996,0.04284577333199594,0.03603162217255931,6.988570763254126,0.13514619137245287,0.019758427687502057,9.865008392908868,0.1910383795507084,0.17938210125997003,0.20101078607853545,0.34075933251362506,0.35448975772855235,0.33306505181565044,0.20129001220123152,0.13514619137245287,0.1910383795507084
A0,23,3101,0.9934444589763779,0.8883467433873063,0.03344881909595678,-1.636801327204558,1.2578686947772062,2.8848751066541287,2.90159260829746,0.0020082034458087567,8.955869907338781e-05,2.893434675155907,0.0020082034458087567,0.04020867869251662,0.03315164613054136,6.983088825778754,0.13499995296371287,0.020538523933965335,9.902600601782327,0.19195416108211044,0.17938210125997003,0.20253535258175617,0.3426574574281158,0.3643946956434703,0.3366022068923444,0.2080766269246514,0.13499995296371287,0.19195416108211044
A0,24,3101,0.9938920117492307,0.8883467441870978,0.03160583273721394,-1.6355194304651655,1.261534907638702,2.8833213338348265,2.8994881793018323,0.0018783472148796712,8.911090557802087e-05,2.8915925931643125,0.0018783472148796712,0.037866697589528646,0.031516261204718,7.0195979668681785,0.1358882895007157,0.021585340571610698,9.988145232013892,0.19358912569318207,0.17938210125997003,0.2022890779095587,0.3420875387810422,0.3604426107850394,0.33306911022224456,0.20790627247999224,0.1358882895007157,0.19358912569318207
A0,25,3101,0.9943103853276564,0.8883467438300721,0.029570357552423095,-1.6697839484134682,1.2667133866795763,2.882030701288263,2.8974477621362076,0.0017931934768466511,8.866535105013077e-05,2.8899185500448796,0.0017931934768466511,0.035678235421313785,0.02903302498648618,7.060545447277047,0.1366133379213879,0.020429909807431063,9.985677356820059,0.1933805852914081,0.17938210125997003,0.20375599696018387,0.3443130687988374,0.36174205278639626,0.33871383093967194,0.20625373942128727,0.1366133379213879,0.1933805852914081
A0,26,3101,0.9946839960509883,0.8883467437818242,0.027944641201903455,-1.7127107556218877,1.280594301487303,2.880471259971437,2.8949977408252,0.0016922270157034276,8.822202429488011e-05,2.8879037215775383,0.0016922270157034276,0.03380445486364711,0.027631177508392262,7.089695241965148,0.13710228747975334,0.02153772155288607,9.909351841262607,0.19210186084684175,0.17938210125997003,0.20346207392475243,0.3475254910359724,0.3622725139204295,0.33733003306924625,0.2065663883943906,0.13710228747975334,0.19210186084684175
A0,27,3101,0.9951134365487961,0.8883467442478953,0.025947612851783902,-1.7041291688728357,1.2827995066455211,2.8789838928169007,2.892884357172641,0.0015822861811136723,8.77809141734057e-05,2.8860923524702184,0.0015822861811136723,0.03137123847406669,0.025398566231426927,7.036473491636036,0.1362035742905629,0.02076645332043258,10.024304081448536,0.1941379151169332,0.17938210125997003,0.2024436879338006,0.3451305253640487,0.36188836720862994,0.3382200591475441,0.20659017091554202,0.1362035742905629,0.1941379151169332
A0,28,3101,0.9954804996135197,0.8883467431227616,0.024253249002784596,-1.7374049112405145,1.3022081509977481,2.8777899295947034,2.891009267312651,0.0015063852094167626,8.734200960253867e-05,2.8845502359516724,0.0015063852094167626,0.02941308922779206,0.023660259236649772,7.080681095794528,0.13698779768641156,0.020471108238359265,9.96231881175548,0.1929965414816425,0.17938210125997003,0.20216978880252395,0.34387050036424666,0.3576116943176969,0.337464636292183,0.20526660799645305,0.13698779768641156,0.1929965414816425
A0,29,3101,0.9957938367109285,0.8883467442297526,0.022806251884357726,-1.7387295672755327,1.3009099665365027,2.876585066523809,2.888870885944257,0.0014284053078446064,8.690529955452598e-05,2.8828708151383187,0.0014284053078446064,0.027671986488634403,0.0219468952208007,7.002579455238237,0.13556676978166016,0.019108882512415895,9.868852942908118,0.19101165825580446,0.17938210125997003,0.200994863991071,0.33933168212056497,0.35977253698733414,0.3320065904324979,0.20426239367951168,0.13556676978166016,0.19101165825580446
A0,30,3101,0.9960030666838601,0.8883467461241591,0.021781099688707374,-1.7845558651285378,1.3103385779706689,2.8754627657059824,2.887364507782199,0.0013833396069047644,8.647077305675335e-05,2.8815519702968313,0.0013833396069047644,0.02649477962420048,0.020889598962731234,7.054881217784452,0.13644671389318025,0.019649278464873604,10.035937705807818,0.19440997031995047,0.17938210125997003,0.2011578259319904,0.34329282932527616,0.363986097094132,0.3352382084417544,0.20684941075323673,0.13644671389318025,0.19440997031995047
A0,31,3101,0.9963341237094165,0.8883467475239883,0.020212528787917062,-1.798543432496462,1.3180510347433245,2.8745520906319713,2.8859137006180977,0.0013009345900113797,8.603841919146959e-05,2.8803629876893915,0.0013009345900113797,0.024633034528603593,0.019276910940659614,7.059703965683031,0.13647392917262607,0.01952782300499718,9.942488587994374,0.1925017179634559,0.17938210125997003,0.20173360554899059,0.3430021225757311,0.3640816304319619,0.3354910158667337,0.20689440035585607,0.13647392917262607,0.1925017179634559
A0,32,3101,0.9964953037023399,0.8883467474853394,0.019413621526752058,-1.78094859780911,1.308813613050381,2.873768029749462,2.884507878673884,0.001239023086833397,8.560822709551223e-05,2.8792618568879726,0.001239023086833397,0.023662556184986045,0.018570554660774657,7.046933132106299,0.13626305154176957,0.020249866914485444,10.017403724902904,0.19407898348790367,0.17938210125997003,0.2019135399376241,0.33938903394416814,0.3654431821137151,0.3318773883782076,0.20745428124170626,0.13626305154176957,0.19407898348790367
A0,33,3101,0.9966544777032543,0.8883467475172068,0.018642769391965314,-1.8145645110184054,1.324942318724132,2.8725918496175145,2.8830409785978555,0.001206940723223892,8.518018596003468e-05,2.8779371095784905,0.001206940723223892,0.022791368699454764,0.017660672092990957,7.082143566014873,0.1370822945236226,0.02116800501388027,10.08931445075182,0.19542185034417706,0.17938210125997003,0.20057614816331795,0.34158455819372885,0.3642528710290044,0.33438369412017005,0.20702571199181374,0.1370822945236226,0.19542185034417706
A0,34,3101,0.9969325030425763,0.8883467480235531,0.01728594607543695,-1.8070894817571694,1.3286584241357544,2.8718031157924444,2.8817215940298087,0.0011339783881210408,8.47542850302345e-05,2.876875752628055,0.0011339783881210408,0.02124567647688069,0.016410150638000515,6.980356326627054,0.13498501505456872,0.0199151959380114,9.833356329148874,0.19043776625884057,0.17938210125997003,0.19957471840878885,0.33843774431583923,0.3610634621452171,0.3303856875245156,0.20424713819716753,0.13498501505456872,0.19043776625884057
A0,35,3101,0.9970826408737367,0.8883467479436945,0.01642094169039931,-1.8010916831513883,1.333605065154224,2.8707765433873154,2.88038401129462,0.0011135273013674724,8.433051360508334e-05,2.875691633479056,0.0011135273013674724,0.020226578052183194,0.0154069221198662,7.062306503355254,0.13660085638915015,0.020653291325492974,9.926512367805543,0.19196617226085239,0.17938210125997003,0.20202356210878392,0.3397715043297477,0.3585341637158829,0.3300258574149247,0.2039615156777789,0.13660085638915015,0.19196617226085239
A0,36,3101,0.9972077884638092,0.8883467478875513,0.015869615314951062,-1.812389527120174,1.3336192288297635,2.870094726163676,2.878922038421839,0.0010570372542587083,8.390886103705792e-05,2.874614087195402,0.0010570372542587083,0.019551855800881694,0.014866815460698648,7.02978361369972,0.13602178176567767,0.020451044027557534,9.944167877386388,0.19271624583222668,0.17938210125997003,0.19909630950875162,0.33602173517803463,0.35650809387325866,0.3286632478404581,0.2039530429277527,0.13602178176567767,0.19271624583222668
A0,37,3101,0.997274799102503,0.8883467489701351,0.01553787277116465,-1.8311821659897667,1.3463288702084453,2.8697259181471013,2.8784782840313237,0.001026202682966026,8.348931673187264e-05,2.874204719997301,0.001026202682966026,0.019199994823535616,0.014468975733739845,7.032185776839181,0.13605451112287859,0.019613697881852223,9.915633792896369,0.19215578968273345,0.17938210125997003,0.20278430251048857,0.34679417473086144,0.36101841601027107,0.338855773591426,0.20322010268488627,0.13605451112287859,0.19215578968273345
A0,38,3101,0.9974393381021612,0.8883467478669544,0.014687984829795352,-1.8745785388179799,1.3443603449510826,2.868624013546003,2.876926159954509,0.0010017528543085402,8.307187014821327e-05,2.872875260465044,0.0010017528543085402,0.01817739836262438,0.013774059918708281,7.036043918919543,0.13599504659663492,0.020570359156948378,9.920555335107752,0.1921603841191265,0.17938210125997003,0.19958853019464218,0.3395242739835063,0.36390227756013027,0.3293917560301135,0.2047159507619531,0.13599504659663492,0.1921603841191265
A0,39,3101,0.9975330802151405,0.8883467485246377,0.0142207835070804,-1.8731086713436556,1.3538959339632237,2.867547243696677,2.8756264784511276,0.0009548890379581867,8.265651079747221e-05,2.8716823500757513,0.0009548890379581867,0.017651252041088212,0.013197867673633129,7.076809806732108,0.13670352426783158,0.019881220632546655,10.183727505891495,0.1974421889529351,0.17938210125997003,0.20157692952479203,0.3441090422305749,0.3686826344987239,0.3347233617866642,0.20968461231736654,0.13670352426783158,0.1974421889529351
A0,40,3101,0.9976770722305065,0.8883467487270778,0.013477695474359433,-1.8698311720427225,1.3410098337443845,2.8672596952534706,2.874768155245228,0.0009278781294973099,8.224322824348484e-05,2.8711067157210493,0.0009278781294973099,0.01676262969212661,0.012537927693567501,7.035594947107056,0.13603822973696086,0.020394596814313968,9.937558299679008,0.19272883397269505,0.17938210125997003,0.2025869027638201,0.3430710288518098,0.36438839637538356,0.33557052230148504,0.20748034450277852,0.13603822973696086,0.19272883397269505
A1,1,3101,0.4014009921133483,0.8883467358416728,1.129104270496516,-0.20691901080065125,0.10129821933507824,3.0256086428458326,3.035737641848598,0.07852087052961582,0.0001,3.0312989001706603,0.07852087052961582,1.1381186860368666,1.0516620298845418,7.007751713818874,0.13567288529591554,0.02063242448022945,9.803496909127848,0.1898937014084459,0.17938210125997003,0.20084999477427998,0.34107773795284413,0.3568966069823495,0.33321252610492574,0.20344319532761412,0.13567288529591554,0.1898937014084459
A1,2,3101,0.46094043625126957,0.8883467378082195,0.9603803904826607,-0.4044739792798044,0.25568129349337265,2.9863457432023144,3.015728604642997,0.11733890593386521,9.95e-05,3.0031971759692127,0.11733890593386521,0.9754966636168012,0.8849029244168584,7.039076164202981,0.13646828720101786,0.021622258647125255,10.039179680447281,0.19426510135531144,0.17938210125997003,0.2027618284389544,0.34245812169098283,0.35831689114435156,0.33283936236932704,0.20498865160128374,0.13646828720101786,0.19426510135531144
A1,3,3101,0.4946491613724591,0.8883467391342565,0.9088692715546735,-0.5195561225144274,0.346674961993902,2.9721546056760575,3.0057948982400817,0.0852649609493494,9.90025e-05,2.9916070034528572,0.0852649609493494,0.9238555662667574,0.8733461441089378,7.042924847369804,0.1363682530395556,0.020470573143311514,9.95732592379265,0.19301571836558917,0.17938210125997003,0.20298188261143613,0.34566644184249506,0.35755487027044375,0.33781523358788385,0.20242855522907183,0.1363682530395556,0.19301571836558917
A1,4,3101,0.5515615351355898,0.8883467384310197,0.8709138365777854,-0.61466714818687,0.4207789102819355,2.9631646184505196,2.998978603173616,0.061791920333507416,9.85074875e-05,2.983752165678311,0.061791920333507416,0.8927877969723345,0.854203151605262,7.12916276309524,0.1380388002154871,0.01940743782311636,10.063424959237265,0.19487296518171013,0.17938210125997003,0.20431954822806495,0.347507268838124,0.36169831831887195,0.3378638489485792,0.2063828736711084,0.1380388002154871,0.19487296518171013
A1,5,3101,0.6145332484573719,0.8883467390272556,0.8187243789398342,-0.6997618190281607,0.4854614689277344,2.9558327311626393,2.9929887952815513,0.04656496970360981,9.80149500625e-05,2.9770139195067737,0.04656496970360981,0.8498070627562145,0.812036317196834,7.133409758159889,0.13798764738609817,0.02089299164670572,10.245519181098805,0.19863125171244717,0.17938210125997003,0.20568112287293658,0.35224309787049557,0.3614191103538268,0.3398191369735123,0.20780913626377504,0.13798764738609817,0.19863125171244717
A1,6,3101,0.6742668952542449,0.8883467400943028,0.752586557087209,-0.8110700178716707,0.5655389907667967,2.9488893523555673,2.986477387758949,0.03505088935151698,9.75248753121875e-05,2.970082035363063,0.03505088935151698,0.7923027426624578,0.7518094026287921,7.062023133811297,0.13677521264795198,0.019023275147767717,10.162979804776118,0.19696078424726332,0.17938210125997003,0.20271475136154488,0.345268790820467,0.36529777240779204,0.3372176265909096,0.20764675012297845,0.13677521264795198,0.19696078424726332
A1,7,3101,0.7376222674247006,0.8883467408491919,0.6618405056487866,-0.9317736583752774,0.6645235781559905,2.942718849663893,2.980736116727923,0.026517107350263643,9.703725093562657e-05,2.9638736215168793,0.026517107350263643,0.7068099725016326,0.6635999995851558,6.9847774738158,0.13523129796501912,0.018199037518770843,9.9195194544711,0.19217246401091803,0.17938210125997003,0.20076046581641677,0.3432838899271793,0.35924922950733246,0.33476540157885365,0.20662682665030607,0.13523129796501912,0.19217246401091803
A1,8,3101,0.7968277179997331,0.8883467405605363,0.5613694232407965,-1.0062519420199976,0.7253135465079359,2.9367565432591225,2.973520793782036,0.01995132770221725,9.655206468094843e-05,2.9570057170399293,0.01995132770221725,0.6090959896527051,0.5639994438506671,7.091450859779304,0.13723909310956073,0.019975656188574484,10.18672673416043,0.1971250238134732,0.17938210125997003,0.20478453999280594,0.3486191753611973,0.36199266916412987,0.3409760827889268,0.21074915452954474,0.13723909310956073,0.1971250238134732
A1,9,3101,0.8483656175713307,0.8883467418510935,0.4580607069712901,-1.0861614458678919,0.7941217393407729,2.9316624891607415,2.9677515904815817,0.015076904884253117,9.606930435754369e-05,2.951214732210891,0.015076904884253117,0.506165520741415,0.4622118291086875,7.108569731041104,0.13758539324571864,0.02015115094862962,10.131041138225182,0.1962141038226734,0.17938210125997003,0.20528437793045567,0.35195131875323443,0.3553336456899395,0.34096517016629824,0.20758694525849952,0.13758539324571864,0.1962141038226734
A1,10,3101,0.8863766994454025,0.8883467409163656,0.37102392497335007,-1.1859022739017542,0.8580016071872347,2.9269922437610365,2.9616032567144672,0.012213450816060937,9.558895783575598e-05,2.945519092812467,0.012213450816060937,0.4168645265794452,0.3755447469490241,7.110453133097069,0.137655073230652,0.02012225857627149,10.175158604606052,0.19716628638303113,0.17938210125997003,0.20460211770253234,0.3482510336580571,0.36763036265508847,0.33847707461021587,0.20523926352851846,0.137655073230652,0.19716628638303113
A1,11,3101,0.9138433125428537,0.888346739687497,0.30141240254656665,-1.2699768783164556,0.8965640778325018,2.922067700516343,2.955461342148611,0.009956202170359649,9.51110130465772e-05,2.9397601415793466,0.009956202170359649,0.3439894481738505,0.30515950463817004,7.139477327304177,0.13818247233880815,0.019428304616058392,10.16216099678026,0.19684951662170758,0.17938210125997003,0.2018637934574083,0.3417920702691661,0.3638264565090283,0.3350349638694793,0.20556939133767332,0.13818247233880815,0.19684951662170758
A1,12,3101,0.9335542653987099,0.888346741167078,0.24603249020873658,-1.3438658991685546,0.9490637802991343,2.9180913273625753,2.9491547309503763,0.008345447348086552,9.463545798134431e-05,2.9344575752757582,0.008345447348086552,0.2846236092321271,0.2501178672603368,7.018806151728284,0.13583506886911895,0.020684056408347543,10.010839696833514,0.1940871494261621,0.17938210125997003,0.19846359162978577,0.3380876811817707,0.3548422036062026,0.3310840656583229,0.20416534923937885,0.13583506886911895,0.1940871494261621
A1,13,3101,0.9497634458326013,0.8883467398509803,0.19715568489337126,-1.4178999690428873,0.9930969994745916,2.9139568486457303,2.943551632655885,0.006870403511000594,9.416228069143759e-05,2.9294412784475137,0.006870403511000594,0.23072269549657484,0.2005343730916963,7.0144646545201415,0.13580278688442637,0.0204719108076808,9.92456190382055,0.19228001540283998,0.17938210125997003,0.2039504395253705,0.3426491797284296,0.34913377465282597,0.33417923371359876,0.2024574641933602,0.13580278688442637,0.19228001540283998
A1,14,3101,0.9612586074377498,0.888346739645977,0.15928567875245025,-1.464852920490553,1.0197977233964237,2.910453083115522,2.9391179775603193,0.00586016636267476,9.36914692879804e-05,2.925371546182786,0.00586016636267476,0.18792158172288898,0.1622652387304363,7.07703592648781,0.13697740433499553,0.021376137676115115,9.99920794206579,0.193939137367264,0.17938210125997003,0.2034009848041146,0.34394843754348126,0.3539340005894558,0.33410053395069716,0.2045229156114412,0.13697740433499553,0.193939137367264
A1,15,3101,0.9688124007041984,0.8883467393641921,0.1323479256569018,-1.5550822496762535,1.048058539057737,2.9071092323649217,2.9340354218548668,0.005083036445667137,9.32230119415405e-05,2.921080633296485,0.005083036445667137,0.15703224072427446,0.1349633585178112,7.124186982387489,0.13763728651078846,0.019531835892415614,10.165119182925325,0.19656315273757005,0.17938210125997003,0.20280228646241882,0.3416107612117874,0.3611928877828831,0.33509273089970765,0.20600350825639252,0.13763728651078846,0.19656315273757005
A1,16,3101,0.9742201920009599,0.8883467404795906,0.11205632729201163,-1.6028673301216128,1.1021121293672425,2.9043718662998295,2.929956042876063,0.004473733821039181,9.27568968818328e-05,2.9176113262310643,0.004473733821039181,0.13323751725317926,0.11378345643777983,7.031047758651756,0.1358983582368085,0.02155484291594057,9.871871434307735,0.1911262091322753,0.17938210125997003,0.2023994369641616,0.33994303449800006,0.3537043470931187,0.33114630823975866,0.2042046632826998,0.1358983582368085,0.1911262091322753
A1,17,3101,0.9785096275723288,0.8883467384650062,0.09559350883382313,-1.6739224760128493,1.1299220347515164,2.901596793590539,2.9255563671498566,0.003946882055699522,9.229311239742364e-05,2.9139712688980364,0.003946882055699522,0.11392402683235556,0.09654327398175416,7.105142079050977,0.13749763365203177,0.01985901625345597,10.226077996686088,0.19790895893113997,0.17938210125997003,0.20405463003291843,0.3443952150925408,0.35652536384845046,0.33654944631741956,0.20433993324469985,0.13749763365203177,0.19790895893113997
A1,18,3101,0.9816558935390062,0.8883467404248433,0.08282265897399049,-1.6964028829524112,1.1570356420927312,2.8989294753693273,2.9214300367506447,0.003613906469645403,9.183164683543651e-05,2.9105411435377997,0.003613906469645403,0.09883069064473558,0.08384163932284101,7.032173109831368,0.1360419673795377,0.0192346180660985,10.000870129860683,0.19360905503966971,0.17938210125997003,0.20235297796054838,0.3447879264298617,0.35991661503618017,0.33613596894684133,0.2054856291982565,0.1360419673795377,0.19360905503966971
A1,19,3101,0.9843818234478802,0.8883467401023531,0.07174516943998918,-1.7299780741976039,1.1752317826856515,2.8957892542728465,2.9168196958666144,0.0032440196453066687,9.137248860125932e-05,2.906628877129812,0.0032440196453066687,0.08582192774191995,0.07241905657105732,7.06896282930422,0.13701439166399546,0.02062974927313835,9.970810941555097,0.1931731802749439,0.17938210125997003,0.20078680343465524,0.3397757860162201,0.36093672992781933,0.3325806174217985,0.20237056941128848,0.13701439166399546,0.1931731802749439
A1,20,3101,0.9866206799306055,0.8883467396516075,0.06266983602237114,-1.7870501262987248,1.1825777390549088,2.894277445997628,2.9139827284213458,0.00286247739681283,9.091562615825302e-05,2.9044163362577504,0.00286247739681283,0.07516228813090202,0.06325042048269386,7.085777132483254,0.13712466002030355,0.02155992572975418,10.015482446784114,0.19389962186704646,0.17938210125997003,0.2043073967036404,0.34444054764371074,0.3591330673817671,0.3374825110889218,0.20617513948779428,0.13712466002030355,0.19389962186704646
A1,21,3101,0.9881414683204028,0.8883467403352009,0.05639271872785216,-1.8073814734005096,1.2200227958120338,2.8918631307087863,2.910719123383477,0.002633359419778106,9.046104802746175e-05,2.9015544627618843,0.002633359419778106,0.06763399337391579,0.05674798523717466,7.0238003572923695,0.1358818348906405,0.020324773321796753,9.95963634089345,0.19264907096244188,0.17938210125997003,0.20336601821433628,0.341686943673602,0.3571427313359768,0.3351003416426731,0.20368065218744652,0.1358818348906405,0.19264907096244188
A1,22,3101,0.9894649531996768,0.8883467400023674,0.05080269016987634,-1.872155751075326,1.2440212066615586,2.8900876955378343,2.907740075983766,0.0024278624096045554,9.000874278732444e-05,2.8991566697300235,0.0024278624096045554,0.061016444001622594,0.051118261001792765,7.014551898491014,0.13559686482721378,0.020856608490438692,9.914233924881707,0.19192696865060604,0.17938210125997003,0.19949230829860723,0.3368984220256464,0.342627344435353,0.3286484122234449,0.19773698341143264,0.13559686482721378,0.19192696865060604
A1,23,3101,0.9906798898946194,0.8883467409143355,0.04562124884537595,-1.9014609152325548,1.2511524969114813,2.8883479398714824,2.9049446054153685,0.00218183053001166,8.955869907338781e-05,2.8968644561641663,0.00218183053001166,0.0549405849648973,0.04534191817126275,7.033287484145902,0.1360918228205608,0.020491707383843368,9.862009860239082,0.191066256864541,0.17938210125997003,0.20423105517506934,0.3449752149894164,0.36160695729254,0.3356506731026293,0.2072583173516761,0.1360918228205608,0.191066256864541
A1,24,3101,0.9911570934687304,0.88834674135127,0.043496156907786764,-1.9063146854861228,1.2650020129651147,2.886735203858769,2.902368863606152,0.0020824630494062787,8.911090557802087e-05,2.89476027677582,0.0020824630494062787,0.05256016303126851,0.04275542055241837,7.082117425120663,0.13695572532321276,0.021510166546403107,9.875604829680153,0.1914393627419352,0.17938210125997003,0.2022691852318939,0.34363121915022643,0.3523845530627819,0.33365762971676466,0.2049838652687796,0.13695572532321276,0.1914393627419352
A1,25,3101,0.9919234530452627,0.8883467426764879,0.04012919947219124,-1.944737772568614,1.277715359576229,2.8854025451447196,2.900264393585284,0.00198905862782792,8.866535105013077e-05,2.8930323725452927,0.00198905862782792,0.04857232956657961,0.03979132626094584,6.939876314342868,0.13424723917570155,0.020853398236697226,9.860231446716918,0.19077252030606812,0.17938210125997003,0.20205517506457113,0.34255815575506243,0.35492198831621513,0.3356352245832762,0.2007488658002923,0.13424723917570155,0.19077252030606812
A1,26,3101,0.9923988883226239,0.8883467427959533,0.03810694351598268,-1.9615287363982,1.2824916512569948,2.8837945223470505,2.897702975025407,0.0018309503674681985,8.822202429488011e-05,2.8909318437532496,0.0018309503674681985,0.0463139950793578,0.037126737046228916,7.0346066626092245,0.13609845159807202,0.020843232306128556,10.037477967907412,0.19450772512795944,0.17938210125997003,0.2000715080167303,0.33814591728778703,0.3556626364149237,0.33067677097625275,0.20391314700245858,0.13609845159807202,0.19450772512795944
A1,27,3101,0.99291237515099,0.8883467426186339,0.035721824429575964,-1.9888639377457402,1.283329077569823,2.882368815992237,2.8953577906885597,0.0017874368413447962,8.77809141734057e-05,2.8890420466695668,0.0017874368413447962,0.043504715542868076,0.03469549042716163,7.07412176213866,0.13699509290419676,0.021559925747805096,9.941396684861223,0.19264820356753717,0.17938210125997003,0.20129806791756596,0.3415668891659111,0.3572713398029295,0.33279828617998053,0.2041514690337556,0.13699509290419676,0.19264820356753717
A1,28,3101,0.9934211008416749,0.8883467447040503,0.03353895729413321,-1.9878117960905062,1.310906479879647,2.88121857551428,2.893452932003856,0.001650200976682647,8.734200960253867e-05,2.887500772314696,0.001650200976682647,0.04104733591686953,0.03243649496062532,7.077867821145277,0.1369626045494699,0.019516052070513285,9.887495567426148,0.1916930597577378,0.17938210125997003,0.20248509082692057,0.34323971611186027,0.35915599790809866,0.33599245574618325,0.20381162740039022,0.1369626045494699,0.1916930597577378
A1,29,3101,0.9939758169423861,0.8883467443720234,0.031085055364251945,-2.011851649379552,1.311468900845188,2.8796190273200604,2.891132722800142,0.0015780177567729762,8.690529955452598e-05,2.8855336744393876,0.0015780177567729762,0.03817258904359706,0.03024226516476042,7.078639602153223,0.13692711966007998,0.02145826725127029,9.77412851012266,0.18931176426156004,0.17938210125997003,0.19837972760577216,0.3317434238186211,0.3517251214765933,0.32482835328562204,0.2049165763630626,0.13692711966007998,0.18931176426156004
A1,30,3101,0.9940993403116237,0.8883467444444311,0.030496259857163078,-2.060473969689884,1.3223841831299379,2.8783811576467704,2.889242379591468,0.0015404890050354151,8.647077305675335e-05,2.8839658152838115,0.0015404890050354151,0.03761124364700767,0.02889127832235992,7.091843137914376,0.1372405360736818,0.021618513228486846,9.900104566655411,0.1917473011680878,0.17938210125997003,0.20149431569564544,0.3429871896156267,0.3568568784366833,0.3367447161230813,0.20568300312322177,0.1372405360736818,0.1917473011680878
A1,31,3101,0.994530866219154,0.8883467442067441,0.028630823230005705,-2.0955010264324962,1.3497913917601514,2.8769194443724047,2.8871804617097268,0.0014368963462476306,8.603841919146959e-05,2.8821936433816204,0.0014368963462476306,0.03543935900905128,0.027357601461493318,7.016797251470306,0.1356858735578874,0.02124264382213103,9.79790671182829,0.18978206120348173,0.17938210125997003,0.20117036360577586,0.34275418873457764,0.3555853043191051,0.3342378800462806,0.2044064482443788,0.1356858735578874,0.18978206120348173
A1,32,3101,0.994966313950878,0.8883467447151466,0.02664596196432381,-2.080139200349714,1.3539847626087413,2.876262945094147,2.8861555880027576,0.0013392988398170165,8.560822709551223e-05,2.8813431981852626,0.0013392988398170165,0.03308150524537788,0.025365032600843006,7.056538353886521,0.1363700312665767,0.020818085217419385,9.885033126394502,0.1912910287634531,0.17938210125997003,0.1996003145603149,0.33627193147170076,0.3517936438970854,0.3302064043710406,0.2029042488487249,0.1363700312665767,0.1912910287634531
A1,33,3101,0.9951800549863687,0.8883467436694886,0.02570701314894061,-2.11805001542482,1.3603507963846397,2.875313768978097,2.8847366482464234,0.0012735333642234707,8.518018596003468e-05,2.8801525607790657,0.0012735333642234707,0.03201915762488102,0.024136301589748,7.066638534778143,0.13682791683589457,0.021634832251387952,9.98638306019101,0.19347757626124157,0.17938210125997003,0.2016595024050454,0.3441522710224132,0.35680330341284194,0.33764136575497267,0.2060897892947947,0.13682791683589457,0.19347757626124157
A1,34,3101,0.9953367359977044,0.8883467459999341,0.024891811286722732,-2.125678696638297,1.3729763673934774,2.874031824749455,2.8828692150512873,0.0012831377237425843,8.47542850302345e-05,2.8785788319004117,0.0012831377237425843,0.031153369990480722,0.023284389850121715,7.048410198543106,0.13646225909388926,0.020434457642612248,9.909428776462025,0.191991516706007,0.17938210125997003,0.20062270417516487,0.33966666132504686,0.3540271836050441,0.33251035357040637,0.20385410015502672,0.13646225909388926,0.191991516706007
A1,35,3101,0.9955459979366882,0.8883467465225972,0.0239847508091631,-2.157825553491175,1.385890659415986,2.873130724501254,2.881660869283052,0.0012128963498735353,8.433051360508334e-05,2.877517086630163,0.0012128963498735353,0.030097322330027602,0.022465226805581235,7.019159864064745,0.13570588586716575,0.020854735856331633,9.856302115434444,0.1906656988508573,0.17938210125997003,0.200117699008728,0.33525684688742574,0.3425595995959606,0.3282145276958688,0.20218108263745738,0.13570588586716575,0.1906656988508573
A1,36,3101,0.995796188908136,0.8883467467899725,0.022785233953456604,-2.1767573382945664,1.3779737951475521,2.8723274950113415,2.88045338241022,0.0011735530706312497,8.390886103705792e-05,2.876507796081966,0.0011735530706312497,0.02866013431200208,0.02127160243341952,6.9747136539982675,0.1349364208258259,0.019935527731654013,9.956007741970526,0.19291369085131663,0.17938210125997003,0.19956126592509196,0.3384384465623605,0.35327771668831864,0.3320268650026469,0.20237108847398436,0.1349364208258259,0.19291369085131663
A1,37,3101,0.9960091177635527,0.8883467478032581,0.021806962285170095,-2.1882760982013516,1.4007760525884327,2.8719777658530408,2.879959677000681,0.0011343284083615817,8.348931673187264e-05,2.8760821559604355,0.0011343284083615817,0.027500440641555192,0.020486492731582352,7.040149826453742,0.13609354424390727,0.021173890516831634,9.996314754337694,0.1936963116763737,0.17938210125997003,0.20121123939961866,0.3398895406342122,0.35293975231980673,0.33030564434658943,0.2027894691888536,0.13609354424390727,0.1936963116763737
A1,38,3101,0.9962217546510729,0.8883467475895219,0.020780066772502184,-2.202537133507023,1.396410325400603,2.870720584274844,2.8780691265786147,0.0010966699577142777,8.307187014821327e-05,2.8745045205824136,0.0010966699577142777,0.026302611953168895,0.019115530700802803,7.054721358874089,0.13663373371926987,0.0206423227811295,9.970396924424689,0.1933205972512003,0.17938210125997003,0.19902568956146413,0.33865089342730603,0.35238417221672746,0.3306218812932794,0.20309486235962826,0.13663373371926987,0.1933205972512003
A1,39,3101,0.9962874972861042,0.8883467481358007,0.020468219933471452,-2.2399204867144364,1.4077323915096995,2.8694295538621435,2.8765013609701677,0.001071793226100723,8.265651079747221e-05,2.8730726364217314,0.001071793226100723,0.025996387616164303,0.01882813308513315,7.047732788817327,0.1362499188960109,0.02153397618055218,9.960924894264965,0.1929247385599326,0.17938210125997003,0.19848395855783413,0.3377865456996925,0.34648202991929283,0.3305027966209677,0.19893225639891088,0.1362499188960109,0.1929247385599326
A1,40,3101,0.9965098231903942,0.8883467484046133,0.019393707967995936,-2.252668807426463,1.4050852824293603,2.869422191867325,2.8762042987086605,0.001027483217970798,8.224322824348484e-05,2.8729159925411,0.001027483217970798,0.02470914589711294,0.017833843679742927,7.0148363828957825,0.13576901899674035,0.02069020936202802,9.883364333158847,0.19161027759557112,0.17938210125997003,0.19946662136719803,0.33817446687876174,0.3526319367706441,0.32900482183008384,0.203007631028971,0.13576901899674035,0.19161027759557112
A1,1,3102,0.4673356756095115,0.8883467363674462,1.0280782454683057,-0.2051058425249498,0.0965267516122703,3.0240385566595362,3.0353682683748713,0.0962585510490934,0.0001,3.0304430097717914,0.0962585510490934,1.0539068897371313,0.9558190664648849,7.010772617936832,0.1357096620752113,0.020804976644203735,9.92051632708575,0.19200268080991006,0.17938210125997003,0.20156493995213107,0.3415603981583557,0.36032716243245294,0.3333720773081766,0.20470848906408534,0.1357096620752113,0.19200268080991006
A1,2,3102,0.6029755103902592,0.8883467383406416,0.7922906615369267,-0.37058984911716575,0.22848611765973148,2.9884539070687803,3.017515126927986,0.12007108662280568,9.95e-05,3.005197232681082,0.12007108662280568,0.8495092806646902,0.7335922195075987,7.059932077638089,0.1366525638580895,0.020260567877839288,9.85425987440716,0.19108659695637853,0.17938210125997003,0.20336479086721881,0.3459378433644018,0.3597117392942401,0.3375016916878103,0.20523952033914877,0.1366525638580895,0.19108659695637853
A1,3,3102,0.5943456338844304,0.8883467386407278,0.7880997016102683,-0.5034889620013934,0.31582231866602506,2.975921753148124,3.009213516824418,0.0863859257199355,9.90025e-05,2.9952319758494057,0.0863859257199355,0.8542939731113433,0.758888475026991,7.0225742861143035,0.135863266381106,0.0195636711203692,9.953170089251863,0.1927835651680768,0.17938210125997003,0.20318273217992835,0.3460439120230966,0.3679253114355673,0.33763501272024066,0.20578915558001967,0.135863266381106,0.1927835651680768
A1,4,3102,0.6134781929015217,0.8883467388617253,0.7908876292238693,-0.6034560352580938,0.3813831142084882,2.9673433973102155,3.001794646719704,0.06131500184260346,9.85074875e-05,2.987228485254141,0.06131500184260346,0.8713829683377295,0.7760537220721146,7.063987781579233,0.13661803428236155,0.01912653890511628,10.039251512646327,0.19460246673300427,0.17938210125997003,0.20247108571315078,0.3448065011793475,0.35677055419949827,0.3372603832126668,0.20013257450936886,0.13661803428236155,0.19460246673300427
A1,5,3102,0.6395350173372439,0.8883467389749439,0.7813836552248792,-0.7082957043987781,0.44124961090439635,2.9581613330561862,2.993586382759151,0.04549354239524647,9.80149500625e-05,2.9784116591022154,0.04549354239524647,0.874530108669082,0.7733991601409221,6.954889846525296,0.1345784213104493,0.019652488649289094,9.910098950808857,0.19190349323895223,0.17938210125997003,0.20319112419579807,0.3437069568510973,0.3556260300266198,0.33571993021733976,0.20164576502663367,0.1345784213104493,0.19190349323895223
A1,6,3102,0.6729440592071166,0.888346739034371,0.7517104915845795,-0.8076744769571257,0.4919207219438214,2.9524694297946006,2.9887212872778917,0.034321383269032474,9.75248753121875e-05,2.9729458079272377,0.034321383269032474,0.8542489348670166,0.7495280275448524,7.071037671569993,0.13688827396752493,0.019736490788440524,10.194843006344417,0.19745477975510317,0.17938210125997003,0.2030740071799648,0.3482080549953945,0.3596653491593479,0.3375518592807014,0.2058583414119281,0.13688827396752493,0.19745477975510317
A1,7,3102,0.7121493273130186,0.8883467405791037,0.701605170566908,-0.8998092433248457,0.5455516040266849,2.9468592440219754,2.982782168311722,0.025347594530260007,9.703725093562657e-05,2.9668767506301608,0.025347594530260007,0.8109800186773802,0.7029118062254687,7.055557915142605,0.13648717656479517,0.01943445757104691,10.256284666327804,0.19882479668209763,0.17938210125997003,0.20328879548718085,0.34738875575824063,0.3602127174176786,0.33695378853949937,0.20752023971650038,0.13648717656479517,0.19882479668209763
A1,8,3102,0.7465612805187749,0.8883467398210038,0.6479215777052197,-0.9800475013844002,0.5884079776047975,2.9407738976171998,2.9758365690776594,0.01980499064171688,9.655206468094843e-05,2.9601575270996574,0.01980499064171688,0.7623700143343819,0.6511215398945641,7.070585541159487,0.13693562847365287,0.020192082033733304,10.165461105592518,0.19696339404594804,0.17938210125997003,0.20009510050621931,0.3402085288762628,0.3544316873414798,0.3329136578680089,0.20193282297990295,0.13693562847365287,0.19696339404594804
A1,9,3102,0.7816236613804413,0.8883467419651836,0.5847781885218913,-1.070786316008798,0.6356307472175629,2.9343412136990494,2.9690395927251276,0.015491980917263531,9.606930435754369e-05,2.9532396023842824,0.015491980917263531,0.7032711454137869,0.5895041228944583,7.0675178654211805,0.13675778839152086,0.01994408846314829,10.240646172392687,0.19843379730991273,0.17938210125997003,0.20327371658359686,0.34660539015750874,0.36118070109004385,0.3394050593079811,0.20907004950254152,0.13675778839152086,0.19843379730991273
A1,10,3102,0.810086012841491,0.8883467424164346,0.5280575877378919,-1.1485222004187556,0.6863074980065871,2.929649604927111,2.963172170482191,0.012584059941765743,9.558895783575598e-05,2.9476692920505796,0.012584059941765743,0.6487367498409323,0.5331741885082149,7.058608782371085,0.13642819533661418,0.019948368796586905,10.108896558620378,0.1957027602764959,0.17938210125997003,0.2048097786545921,0.34922684011039107,0.36502207074146925,0.3412202821604991,0.20766880885603722,0.13642819533661418,0.1957027602764959
A1,11,3102,0.8393017342551602,0.8883467429753148,0.46681868445168306,-1.2151785951580965,0.7334555596995491,2.9249137853508564,2.957482434338735,0.010489031778093969,9.51110130465772e-05,2.9422470127263383,0.010489031778093969,0.586619012819092,0.4720531581237005,6.950123871079861,0.13467195791284942,0.02017014520164328,9.934536045144872,0.19280287094605633,0.17938210125997003,0.2012417284729943,0.344650654866245,0.3641566550045201,0.3381559618863832,0.20627129884080941,0.13467195791284942,0.19280287094605633
A1,12,3102,0.861455781502813,0.8883467430193568,0.41778537508547287,-1.2801390210479735,0.768650236441963,2.9208105565417646,2.951872686567865,0.00887637323623377,9.463545798134431e-05,2.9372292554816477,0.00887637323623377,0.538688647551152,0.42274085845451814,6.990584672343861,0.13517377729649804,0.018973783416977006,9.732848625147751,0.18876327330199108,0.17938210125997003,0.20332180657371712,0.34535659324545204,0.35776984349018737,0.33969386658223155,0.20551312115420117,0.13517377729649804,0.18876327330199108
A1,13,3102,0.882773412795696,0.8883467427436796,0.3694075669634012,-1.3413839702047468,0.8155689225555603,2.916103894825507,2.945292326154446,0.007627512245434248,9.416228069143759e-05,2.9314608617368165,0.007627512245434248,0.4882866549813515,0.3734564250613104,6.936402357510954,0.13423645371414017,0.02157196443988366,9.814459313650179,0.19028096875322106,0.17938210125997003,0.19996382767606652,0.340061333594488,0.3639849150061197,0.33450289847057185,0.20413014039899527,0.13423645371414017,0.19028096875322106
A1,14,3102,0.9018193710044523,0.8883467417644604,0.32293718190897075,-1.3811793427128336,0.8396774846629308,2.9126847159164506,2.9402572142749372,0.006538338360632768,9.36914692879804e-05,2.927124800829882,0.006538338360632768,0.438361890015249,0.32745314341992243,7.016681487747501,0.13576516582581558,0.020389781382165097,9.843376866458552,0.19045668000564658,0.17938210125997003,0.20238508615810213,0.3466644470265993,0.362901926864157,0.33942489960136707,0.2072540473151073,0.13576516582581558,0.19045668000564658
A1,15,3102,0.9167302252340787,0.8883467416029532,0.2858152467774687,-1.446013617679657,0.8869695069251928,2.909197887788547,2.9350732856790454,0.005831884572727561,9.32230119415405e-05,2.922718773684737,0.005831884572727561,0.39860482529088015,0.28928800109596375,6.995880445740874,0.13535144645020478,0.020804709085692347,9.838851263187982,0.19060906615795267,0.17938210125997003,0.2003773730855142,0.3407792170845977,0.35922332184092964,0.3362943194346147,0.20537654113736045,0.13535144645020478,0.19060906615795267
A1,16,3102,0.9291512800221191,0.8883467409650121,0.25237544330747863,-1.459423161181846,0.8999060809459183,2.9059624109763638,2.930778782143248,0.005037394792803015,9.27568968818328e-05,2.9188743368150445,0.005037394792803015,0.36179087256925047,0.255885723276314,6.975908114398233,0.13509559342769925,0.021111557726078572,9.852294629005561,0.19088238000413815,0.17938210125997003,0.20181877100526283,0.3415577643530004,0.3543091815927725,0.33437181990384385,0.20368817610184797,0.13509559342769925,0.19088238000413815
A1,17,3102,0.939815241619062,0.8883467403951563,0.22278940923785104,-1.5392664628641328,0.9360394956620179,2.9028557789791054,2.9260017751757776,0.004500700612894501,9.229311239742364e-05,2.914878845420141,0.004500700612894501,0.32609004274130415,0.22532776131826088,7.014725978711096,0.13581993699668218,0.022186999058016063,9.944024870021202,0.19279007318312164,0.17938210125997003,0.20252681952807006,0.3436149880363282,0.36776414958422016,0.33787356299881854,0.20948650995164775,0.13581993699668218,0.19279007318312164
A1,18,3102,0.9505157160531015,0.8883467406885939,0.1916864245948548,-1.5739226481684885,0.9555461845711412,2.899999362421912,2.9221206164045257,0.004002573418632115,9.183164683543651e-05,2.9114602423699663,0.004002573418632115,0.28807679077248965,0.19334390892911313,7.014674522424601,0.13571681235601804,0.0191556988956323,9.80770114245346,0.19024164469464494,0.17938210125997003,0.1999921759213792,0.34165500719623454,0.3597317071108336,0.33470103830685105,0.20416514942150438,0.13571681235601804,0.19024164469464494
A1,19,3102,0.9580204351937781,0.8883467375872033,0.16863644559038804,-1.5940890548609963,0.9710203684595354,2.8975732615976737,2.9181891549057855,0.0035705489353336766,9.137248860125932e-05,2.90823826207496,0.0035705489353336766,0.26101210064989283,0.16982797635066935,7.017219885748032,0.13579777699997128,0.02022846511361095,10.041085239695875,0.19450300634949902,0.17938210125997003,0.2011096972909369,0.3433983059233745,0.36091039195824204,0.3375214652189713,0.20490755756919304,0.13579777699997128,0.19450300634949902
A1,20,3102,0.964590380746124,0.8883467367850659,0.14772915634610848,-1.6548038324663956,0.9958151119817693,2.89512668572255,2.9147968445182806,0.003219969431898345,9.091562615825302e-05,2.9052837641928964,0.003219969431898345,0.23476144160335427,0.14870589182778432,6.971293594554353,0.13482094654127172,0.02110005425278809,9.88702316460205,0.19171234905200799,0.17938210125997003,0.2035289809756567,0.34821731589964766,0.36033277542672376,0.3412909021831295,0.20454395196578476,0.13482094654127172,0.19171234905200799
A1,21,3102,0.9698553884493837,0.8883467358772665,0.13004045495902716,-1.6742283079432132,1.0338332390747387,2.8924058202897913,2.910991124321207,0.0029295189018078904,9.046104802746175e-05,2.9019914219491656,0.0029295189018078904,0.21173871305143518,0.1305910307642962,6.981419605469843,0.1351260184135316,0.02341867390643345,10.02942443873699,0.19421370714103822,0.17938210125997003,0.20291930202059866,0.3472532532376687,0.356151659055214,0.339331278502104,0.20474538738640508,0.1351260184135316,0.19421370714103822
A1,22,3102,0.9748767727298304,0.8883467377893414,0.11248042209948782,-1.700871153944696,1.0268094471383011,2.890443660258973,2.9077687280254714,0.0026889945728126793,9.000874278732444e-05,2.899375090677073,0.0026889945728126793,0.1867640206887548,0.11287927337380578,7.021426321918405,0.13576155564760978,0.02012065338923104,9.842962455094707,0.1907579907550303,0.17938210125997003,0.20257255586303688,0.3461221784395113,0.3647902556307865,0.33833900472002754,0.20691784082001516,0.13576155564760978,0.1907579907550303
A1,23,3102,0.9787652194705523,0.8883467370481903,0.09833245058140404,-1.7274356057976537,1.0487984884481802,2.8887397121342944,2.9053821874746086,0.002512513806922808,8.955869907338781e-05,2.897312198728152,0.002512513806922808,0.16582044974412133,0.0983045352928273,7.029589776506798,0.13605834808318862,0.02156153101620547,10.069732380011676,0.1953692159202314,0.17938210125997003,0.20153025105972303,0.34340521679207514,0.3579778948673204,0.3374791498222713,0.20518631019284217,0.13605834808318862,0.1953692159202314
A1,24,3102,0.9825540007444743,0.888346737507409,0.08376005870148052,-1.8068609861410274,1.0930576153262286,2.886532459001727,2.9021189590203913,0.002236202422544433,8.911090557802087e-05,2.8945493270417444,0.002236202422544433,0.14355127839745802,0.08342375832820476,7.075773254721585,0.13696073167222111,0.02030898939472822,9.931664450070762,0.19249587257508632,0.17938210125997003,0.20454932844915083,0.34672321218767027,0.3565259419297904,0.339970166642177,0.2117036081264528,0.13696073167222111,0.19249587257508632
A1,25,3102,0.9854772252628723,0.8883467379900735,0.07217356214338967,-1.8092503417954464,1.0833470466474318,2.884962517173638,2.899696337095495,0.0020954713419485418,8.866535105013077e-05,2.8925389766214087,0.0020954713419485418,0.12514880205794365,0.07156306686348696,6.998764775002511,0.1354706508894089,0.021352328203639456,9.940381477326278,0.1924714451002575,0.17938210125997003,0.2059080125512869,0.34932184680940565,0.367635245342854,0.3415895271125469,0.21181248176131356,0.1354706508894089,0.1924714451002575
A1,26,3102,0.9876625571749643,0.8883467372369891,0.06297639334481561,-1.8338824638602613,1.1117252084150333,2.883308676504514,2.8973135332973623,0.002010991091512532,8.822202429488011e-05,2.8905122028289516,0.002010991091512532,0.10926801341705572,0.062045724795810206,6.991226892672485,0.1353004068165781,0.021536116389913505,9.933919053322441,0.19227252981750764,0.17938210125997003,0.20112190586253165,0.33884520170100957,0.35481104652156653,0.33384132346326717,0.20535176341118438,0.1353004068165781,0.19227252981750764
A1,27,3102,0.9899496440799299,0.8883467377789298,0.053029192461024124,-1.8716662914767572,1.119202530803681,2.8818373119311,2.8951670345427933,0.001800654247625848,8.77809141734057e-05,2.888682239536029,0.001800654247625848,0.09257516150745583,0.051976505102771235,6.976534682756279,0.1350856249266574,0.019844302419949784,9.840277513546702,0.1906021909411676,0.17938210125997003,0.20108925087607643,0.3424015586201646,0.3502444929537478,0.33603907876721256,0.20509885955560073,0.1350856249266574,0.1906021909411676
A1,28,3102,0.991717436845259,0.8883467413822513,0.044798734752894705,-1.8705838024339188,1.1369464668530895,2.8805472028926102,2.893137817438927,0.0017112669555615313,8.734200960253867e-05,2.887013640079378,0.0017112669555615313,0.07767699924233476,0.043913293765087215,7.070237419609239,0.13675530595547747,0.021812467214525833,10.00270870057189,0.19360674624977076,0.17938210125997003,0.20127395349397753,0.3389981914960434,0.3459432305066697,0.33259998112498373,0.20320163956016637,0.13675530595547747,0.19360674624977076
A1,29,3102,0.9930509170078556,0.8883467415673109,0.038350520345043625,-1.8992778768112668,1.1368189083985005,2.879182822155487,2.8911882618059384,0.0016285411058992057,8.690529955452598e-05,2.8853483970622382,0.0016285411058992057,0.06559834676424744,0.036679601869828896,7.044753390097479,0.13638408032908053,0.020987694625209056,9.874021878865927,0.19121240446018795,0.17938210125997003,0.20141691076830867,0.34236389807728906,0.3580209201672363,0.3363939093739799,0.20704852972974938,0.13638408032908053,0.19121240446018795
A1,30,3102,0.994234757795868,0.888346741717461,0.03253293829662899,-1.9242308646333028,1.151959638885056,2.8781717740230253,2.889479001750902,0.0014739801844476249,8.647077305675335e-05,2.88397278550298,0.0014739801844476249,0.05459456154193818,0.030992936879899007,6.980441311945393,0.1349995943990753,0.01987399745214563,9.882287462010868,0.19126587641738985,0.17938210125997003,0.20268782814441438,0.3473978984075483,0.356789847827527,0.3407711002724559,0.2040297777632649,0.1349995943990753,0.19126587641738985
A1,31,3102,0.9950227307588826,0.8883467428910731,0.02833209735075524,-1.9537564660864544,1.1546168103705816,2.8767342776847076,2.887365671817799,0.0014230395900651773,8.603841919146959e-05,2.882192277025547,0.0014230395900651773,0.046072409004004417,0.026567949177848875,6.961130816834911,0.13478183975083785,0.020126806418516077,9.823918218177463,0.19027857118871283,0.17938210125997003,0.20153643817672234,0.3421381676151009,0.35211682244088877,0.33369294446422143,0.2063802667464433,0.13478183975083785,0.19027857118871283
A1,32,3102,0.9956830514958651,0.8883467425624662,0.024702643305185,-1.9877661399417017,1.1766091768733227,2.8759249491546512,2.886248361674297,0.0013422118928969574,8.560822709551223e-05,2.8812208759729954,0.0013422118928969574,0.03893649115762092,0.023233249239207367,6.977172233905011,0.13503668098978905,0.020078117410087266,9.902290071573173,0.19151727708582528,0.17938210125997003,0.1987053135326237,0.33852998118198824,0.34856619264150895,0.3308474922782919,0.20455703731165842,0.13503668098978905,0.19151727708582528
A1,33,3102,0.9962088347805867,0.8883467435458635,0.021827006478937518,-1.9689523250924377,1.1758413010493984,2.8745534741988004,2.8843396387814653,0.0012411351933876735,8.518018596003468e-05,2.879570666773311,0.0012411351933876735,0.033247200061342366,0.020273175360352433,6.987833696349821,0.13517832573979421,0.021322900708241575,9.859531738212583,0.19071090440230823,0.17938210125997003,0.20145079294491686,0.3422070903661713,0.360044912234952,0.335258209403981,0.20689321631628477,0.13517832573979421,0.19071090440230823
A1,34,3102,0.9965331733003908,0.8883467435156206,0.019915249427079708,-2.018838317188241,1.1898360895406705,2.8740372063782402,2.883214346097887,0.0011984303754672616,8.47542850302345e-05,2.8787456208200597,0.0011984303754672616,0.029184090068210662,0.01815778722799011,7.094252800284173,0.13709857155792196,0.02113938008414142,9.95603193860554,0.19263223783617237,0.17938210125997003,0.200872405009407,0.34385099020273835,0.35791165215389026,0.3376369794056322,0.20510080239913436,0.13709857155792196,0.19263223783617237
A1,35,3102,0.9969341413553042,0.8883467441764205,0.017664603087620922,-2.017711241969777,1.1886828947247514,2.8735113039561444,2.8824353397029414,0.0011248732676618725,8.433051360508334e-05,2.8780858086595305,0.0011248732676618725,0.025162390644931528,0.01612708036889864,7.010535852552556,0.13559693499851844,0.020563403578485583,9.886926893714376,0.19129986292643686,0.17938210125997003,0.20048743415456474,0.34054926350252346,0.363455566743963,0.3355036624822389,0.20793233013220047,0.13559693499851844,0.19129986292643686
A1,36,3102,0.9970709417588397,0.8883467454593604,0.0167412251823993,-2.0199146585159715,1.2011395018437865,2.871775997732044,2.8802606825097694,0.0010934779686013322,8.390886103705792e-05,2.8761276867578554,0.0010934779686013322,0.02321813541267915,0.014993364973350059,6.982419068552398,0.13517006910456625,0.02153986160162041,9.806615829119208,0.18994945649807665,0.17938210125997003,0.20044456885478804,0.340521112885954,0.358873611907285,0.3350356493396371,0.20698265398988563,0.13517006910456625,0.18994945649807665
A1,37,3102,0.9972679187654503,0.8883467452447044,0.015626613099700298,-2.0663623517028435,1.2191237377885837,2.8712987180213294,2.8793219906522816,0.0010389758709609823,8.348931673187264e-05,2.8754142487569188,0.0010389758709609823,0.021152577981723424,0.013858676676145291,7.039744353234618,0.13613093866746478,0.02071268130512385,9.922128903487373,0.19207588116927796,0.17938210125997003,0.2005471353345875,0.34266006649168357,0.35914591589437017,0.337052118372214,0.20428181184309252,0.13613093866746478,0.19207588116927796
A1,38,3102,0.9973562439530328,0.8883467463225972,0.01513532166046762,-2.0858939252446302,1.2257194093852943,2.8702846561247393,2.878012972707453,0.0010052953220741896,8.307187014821327e-05,2.8742493451599684,0.0010052953220741896,0.020216189146126457,0.013172388924186049,7.04636828164409,0.13635390334736958,0.021019529891618937,10.064197044007312,0.19476809553936617,0.17938210125997003,0.20228926717523443,0.3437117863645296,0.3572041238019808,0.3373286859331171,0.20579313397240104,0.13635390334736958,0.19476809553936617
A1,39,3102,0.9975045229912635,0.8883467464440996,0.01432542016082286,-2.079179268257926,1.2308531692488527,2.869500650604064,2.876957055040123,0.0009747851679391836,8.265651079747221e-05,2.8733263323008673,0.0009747851679391836,0.01898655527373819,0.012607795121835668,7.019382058628022,0.13589050122999657,0.021675495643775616,9.931431090205583,0.19218692359449957,0.17938210125997003,0.1996472000008386,0.3385057320650876,0.3607324139037159,0.3327489315584469,0.20528778946131804,0.13589050122999657,0.19218692359449957
A1,40,3102,0.9975523973664846,0.888346746133109,0.014029018344629867,-2.124545016599173,1.2486714485313046,2.868794966407813,2.8758673277500715,0.0009608279046222466,8.224322824348484e-05,2.872427230382212,0.0009608279046222466,0.018521907729372303,0.01207309649100835,7.021183988404652,0.13580192494343846,0.02184911789424885,10.012144004435916,0.19373788200972372,0.17938210125997003,0.1998788226165631,0.3454504603446786,0.3541375499563697,0.3404318066251077,0.2064586015983244,0.13580192494343846,0.19373788200972372
A0,1,3102,0.4795314634107309,0.8883467369731467,1.011711000061555,-0.20766352782435515,0.10014463794039011,3.023139115589768,3.035010764163616,0.0977915513031186,0.0001,3.0298255340513762,0.0977915513031186,1.0390651934554567,0.9416594480129732,6.968669499321191,0.13492292457212732,0.020682451262117856,9.838271972878136,0.19047889735572252,0.17938210125997003,0.20214786870258578,0.3454066056873273,0.36229060513668515,0.3373558340573244,0.20219850114054894,0.13492292457212732,0.19047889735572252
A0,2,3102,0.6190617220164636,0.8883467385993469,0.7498868207545742,-0.37485267834072383,0.2520433237523264,2.98355848466214,3.0131195413395675,0.12180023899827627,9.95e-05,3.000585775356205,0.12180023899827627,0.8069699304263898,0.7033230139125175,6.967092865242396,0.13479422211550557,0.020228465160438688,9.825380879305708,0.19042731984654626,0.17938210125997003,0.20506594330490974,0.34426733279035665,0.3597905922011378,0.33623881061676514,0.20529399931933104,0.13479422211550557,0.19042731984654626
A0,3,3102,0.6246990522383695,0.8883467398643058,0.7212217826663926,-0.49879338326097267,0.3664896010613303,2.9655543289283113,2.9982084566909055,0.08686252913807546,9.90025e-05,2.9845544030006663,0.08686252913807546,0.7842039247946953,0.708774297342857,6.981711914714616,0.13513746732299714,0.018232210399059767,9.897120727700747,0.19178806022144138,0.17938210125997003,0.20312359475771363,0.34563608361994114,0.3633377422358883,0.3368769577170691,0.20287432180026943,0.13513746732299714,0.19178806022144138
A0,4,3102,0.6758918705075373,0.8883467394072471,0.6908498648558746,-0.582566243408135,0.4432088640206254,2.956492808327746,2.988427982538357,0.05780195977904514,9.85074875e-05,2.974961318734319,0.05780195977904514,0.7724657690389901,0.6939321808729761,7.092518188700441,0.1371612149347538,0.01983547418671294,9.972078088014298,0.1932137245049742,0.17938210125997003,0.20245527749818362,0.342203366729232,0.3540418308081754,0.33395954234462777,0.2017048303498311,0.1371612149347538,0.1932137245049742
A0,5,3102,0.7320437970410077,0.8883467401760785,0.637466545422268,-0.6674812460882615,0.5133610446380665,2.948352460164564,2.980400050480248,0.03975887537132311,9.80149500625e-05,2.9665897987466456,0.03975887537132311,0.7339914564778932,0.6450505392239926,6.9999108355346085,0.1353800942492652,0.021370519770393042,9.95516482016123,0.19274090839500882,0.17938210125997003,0.20171289337652454,0.3423160251711359,0.36134713307190475,0.3350430235894543,0.2070969424639525,0.1353800942492652,0.19274090839500882
A0,6,3102,0.7775056763201825,0.8883467407498647,0.5799031682494618,-0.735996490409254,0.5660631146390498,2.9428555543195505,2.9750651715817327,0.027868224514668485,9.75248753121875e-05,2.9608670244534445,0.027868224514668485,0.6852452243099804,0.5877426922595049,7.048999070025725,0.13639019751406228,0.01944542603169599,10.14462800120426,0.19677172908162638,0.17938210125997003,0.20145853825876217,0.34486836191538844,0.3505278894280115,0.33589888084470554,0.19945840963654304,0.13639019751406228,0.19677172908162638
A0,7,3102,0.8217925526713973,0.8883467421677033,0.5036959779581102,-0.8082176404972293,0.6142251265744908,2.937214862020637,2.9696258696225972,0.019908411477123432,9.703725093562657e-05,2.9550340002836784,0.019908411477123432,0.6094672996251407,0.5116662302297186,7.006835343196378,0.13564834717440177,0.02126163793675434,10.019404248579553,0.1937854238583511,0.17938210125997003,0.20013503192432142,0.3386752872476668,0.35488173316829325,0.33054087204293586,0.2022850537149424,0.13564834717440177,0.1937854238583511
A0,8,3102,0.8585374730931067,0.8883467412620657,0.4304889585304438,-0.8918828513420213,0.6657607884109545,2.9314702132676143,2.9639126113033187,0.014969636935949264,9.655206468094843e-05,2.9490914259931387,0.014969636935949264,0.5331184792489532,0.43771600762347934,7.001903012681226,0.1355305254162167,0.01985339823105697,9.99330228015021,0.1935399966415581,0.17938210125997003,0.20302255174375317,0.3450781471232015,0.36268886769336933,0.3398219180115488,0.20098626398470965,0.1355305254162167,0.1935399966415581
A0,9,3102,0.8910962362614575,0.888346740095512,0.35625363651516456,-0.967728113270375,0.7023866319760164,2.925996363265643,2.9580886446102066,0.011549274678029688,9.606930435754369e-05,2.943197432772848,0.011549274678029688,0.4515303166435623,0.3626175265610603,7.056686209706137,0.13639024145583759,0.019446763628047335,10.034963487576672,0.19420568399351484,0.17938210125997003,0.2023606960232673,0.3428324172524421,0.36164936178227824,0.3362284392411454,0.20641740157865407,0.13639024145583759,0.19420568399351484
A0,10,3102,0.9166531831460432,0.8883467396196468,0.2916435685987936,-1.0265377639790925,0.7374674778830063,2.9211230564062687,2.9521477336382618,0.009128924769942466,9.558895783575598e-05,2.937548289069078,0.009128924769942466,0.3781093945566364,0.29768725517649636,7.088004609098411,0.13727072439387553,0.02052916071084694,10.214347011177065,0.19799882761683585,0.17938210125997003,0.203411738706355,0.3477743877568858,0.36389266454060093,0.33973129783453565,0.20718866652819548,0.13727072439387553,0.19799882761683585
A0,11,3102,0.9370123679074962,0.8883467388389387,0.23466043629855654,-1.098467233426861,0.7883508892088451,2.9173103025189495,2.9475621238231113,0.007555133031131841,9.51110130465772e-05,2.9331917284071514,0.007555133031131841,0.30976235545181535,0.23969967349661764,6.960766509611007,0.13476073508498662,0.019757625123151067,9.891017891945895,0.19158590394469038,0.17938210125997003,0.20182125248600927,0.3400084040253266,0.36563450120951263,0.3324356168299244,0.2083066667649853,0.13476073508498662,0.19158590394469038
A0,12,3102,0.9532934689740533,0.8883467398164728,0.18574263780172537,-1.1517501787781725,0.8179853447774369,2.9135584326890798,2.9424779160904144,0.006277396664208345,9.463545798134431e-05,2.928645914717739,0.006277396664208345,0.24953106677038842,0.18999682087324246,6.96762460325794,0.13488848260452127,0.019902622449640812,9.76370973658492,0.1891716850107285,0.17938210125997003,0.19903399723090148,0.33882523482728205,0.36163768389077827,0.33492126302019265,0.20599844084864252,0.13488848260452127,0.1891716850107285
A0,13,3102,0.964287460574835,0.8883467392603799,0.15017221159539404,-1.1922004275341063,0.8498246873041281,2.9100322505089227,2.9376291409220405,0.005314271891141175,9.416228069143759e-05,2.924362126057786,0.005314271891141175,0.20510041658701342,0.1535262444107895,7.033684713997837,0.13611398628969665,0.019345640116685145,9.846789304624524,0.1908098394603608,0.17938210125997003,0.2014078374052148,0.3426277683555996,0.36021533895158364,0.3349671592914991,0.20607929377910797,0.13611398628969665,0.1908098394603608
A0,14,3102,0.9723426297129455,0.8883467391252318,0.12184505878195562,-1.260275781177847,0.8838719339589332,2.906804242240849,2.933412273565198,0.00458538968843037,9.36914692879804e-05,2.9205667978723615,0.00458538968843037,0.16716319142456404,0.12460887011397674,6.96314301168112,0.1346889049003061,0.020932049959311996,9.859574876458025,0.19095666023475447,0.17938210125997003,0.20213366537197922,0.3444210670250102,0.35847081389337687,0.33589651107034657,0.20587797450383058,0.1346889049003061,0.19095666023475447
A0,15,3102,0.9787428245083949,0.8883467383810228,0.09801910341938261,-1.290696678694299,0.9136117975088975,2.903243087873667,2.928633245548616,0.003976825271808091,9.32230119415405e-05,2.9163358485247044,0.003976825271808091,0.13515901081011408,0.09991248586092882,7.045140099903894,0.13619816368142315,0.021292670677531135,9.960293991760404,0.1928345544186694,0.17938210125997003,0.20281224137569745,0.3444445083765418,0.3624811163349692,0.3384445664043842,0.20562855889288228,0.13619816368142315,0.1928345544186694
A0,16,3102,0.9835905752769701,0.8883467397792375,0.07863340690141081,-1.33568478442957,0.9328220165999915,2.900747981499859,2.925093313617082,0.0036027549233357764,9.27568968818328e-05,2.913280922496086,0.0036027549233357764,0.10821059394412488,0.08049436982813196,6.978196879028776,0.13505942864559822,0.018775281648078325,9.985624718019986,0.1935009951222806,0.17938210125997003,0.19947074488265795,0.3415894512244071,0.36364216512651837,0.33611879562645147,0.2037453127125006,0.13505942864559822,0.1935009951222806
A0,17,3102,0.9868516337518513,0.8883467392355834,0.06487627076811248,-1.39282269427033,0.9480201129359125,2.898159703759457,2.9209012595506816,0.0031494486335052574,9.229311239742364e-05,2.9098454291935494,0.0031494486335052574,0.08852884882337164,0.06581923262765339,7.025668900263937,0.1360285055738817,0.0201016593366087,9.937734862230874,0.19276103095241737,0.17938210125997003,0.20561490927644996,0.3505284213063338,0.36033327486048833,0.34387483730326207,0.20523274756884308,0.1360285055738817,0.19276103095241737
A0,18,3102,0.9894096598621982,0.8883467390569371,0.0535493038488789,-1.4054115851336728,0.9658626454998871,2.8953778607563363,2.9172350498072452,0.002814045883982829,9.183164683543651e-05,2.906587860682802,0.002814045883982829,0.0723817429894097,0.05433658659731698,7.113741960890012,0.13774977822974013,0.019143125352062536,9.982805448634831,0.19329489951851367,0.17938210125997003,0.2021194953576065,0.3429769275835558,0.3601762556951961,0.3352267197636741,0.20871327856785796,0.13774977822974013,0.19329489951851367
A0,19,3102,0.9913594973931055,0.8883467405609123,0.044351243108926394,-1.4326000208421987,0.9958956490732953,2.893342417943902,2.9137597861779954,0.002534406136888309,9.137248860125932e-05,2.903804541489561,0.002534406136888309,0.05921542218961632,0.04447434330308967,7.0626816715214185,0.13672793498021568,0.019637239930282734,9.973458100822985,0.19321322443902045,0.17938210125997003,0.20380829798497177,0.3455437055318041,0.3610658335875853,0.3379299278297786,0.20704620359988696,0.13672793498021568,0.19321322443902045
A0,20,3102,0.9924828015817113,0.8883467423025259,0.03892553310158555,-1.4818573430731459,1.0239128541797016,2.891413409489578,2.9109543676217577,0.0022797854786147844,9.091562615825302e-05,2.90141186641634,0.0022797854786147844,0.05107251241509274,0.038624586224544996,7.070071807381702,0.13677738311894258,0.01945104405671107,9.968016876936357,0.19315555712959745,0.17938210125997003,0.20342671384176847,0.3433886775129548,0.36244603861224695,0.3377601829932982,0.20806977422384734,0.13677738311894258,0.19315555712959745
A0,21,3102,0.9935354631143174,0.8883467412185679,0.03373962279891977,-1.486125874167795,1.0315805669279707,2.889119310781411,2.9078352145089346,0.0021733422640286813,9.046104802746175e-05,2.89869460100832,0.0021733422640286813,0.04365320803654517,0.033583577955504325,7.004362099252349,0.1355794356262923,0.02074558660780404,9.908355857949758,0.19212841337745887,0.17938210125997003,0.2017084963724352,0.34205330509294785,0.36788338067299775,0.33702282881720014,0.21040170381075882,0.1355794356262923,0.19212841337745887
A0,22,3102,0.994443822222817,0.8883467431862259,0.029329220696185036,-1.5020342754924478,1.0316855941787737,2.8870025850601504,2.904552548678953,0.0019695668716204814,9.000874278732444e-05,2.895974524190861,0.0019695668716204814,0.03752277609101683,0.029006034105172652,7.06357247991769,0.13666824407178407,0.01931005954151199,9.9875374418639,0.19356693500814742,0.17938210125997003,0.20175050422758534,0.3427236780346361,0.362037465850047,0.3361634344322963,0.20683112142795926,0.13666824407178407,0.19356693500814742
A0,23,3102,0.9950725110668626,0.8883467434480301,0.026273489501878,-1.5072094719524587,1.0525283203583242,2.885823481871258,2.9023238062584853,0.0018069173763543749,8.955869907338781e-05,2.8942543369141567,0.0018069173763543749,0.03343026301566286,0.02588240522199371,7.001873358499037,0.1354672063714704,0.020095506362522837,10.08761033735105,0.19550381032006975,0.17938210125997003,0.20288228889236623,0.3445188216299991,0.3546065832111197,0.33745994468669543,0.20511743488271586,0.1354672063714704,0.19550381032006975
A0,24,3102,0.9953775759424714,0.8883467418246961,0.024632958294116436,-1.551129068297044,1.079620524654609,2.884006367074636,2.8997812442541395,0.001754694576544087,8.911090557802087e-05,2.8920692753230663,0.001754694576544087,0.0313247595456167,0.02378142792097121,7.043047616904043,0.13628644556578937,0.020057250612436302,9.858828730240104,0.19117987680045845,0.17938210125997003,0.20029968289721212,0.3326423451702079,0.35651877048301767,0.32745633116933737,0.2080672734825129,0.13628644556578937,0.19117987680045845
A0,25,3102,0.9959085812495514,0.888346744148004,0.022141525331562658,-1.5605798484311837,1.094651235553841,2.882157374365869,2.897052145921267,0.0015797236898992722,8.866535105013077e-05,2.889762735394194,0.0015797236898992722,0.027982931991729774,0.021431574227849273,6.955156807264091,0.13460753198616587,0.019760300334427883,9.716304621831167,0.18829222165111145,0.17938210125997003,0.20269091784577356,0.3388402249559425,0.35046467147031773,0.33280796088445724,0.2034203217940384,0.13460753198616587,0.18829222165111145
A0,26,3102,0.9961960149563013,0.8883467451702366,0.020641846139872085,-1.5764614129501682,1.1209968694919774,2.880926371441917,2.8949897068581545,0.001499832213057171,8.822202429488011e-05,2.8881080259411807,0.001499832213057171,0.02616402688617709,0.019729163195978228,7.0164002296619845,0.13580968397776086,0.021578919889897193,9.915512084157992,0.1920371116835347,0.17938210125997003,0.20376001489505674,0.34322538838167205,0.3616184515616624,0.3355215467219607,0.21050502549061614,0.13580968397776086,0.1920371116835347
A0,27,3102,0.9965447162143533,0.8883467452255087,0.018970358887423166,-1.5829488569546424,1.121823946570665,2.879758102988266,2.8931521178318356,0.0014177837709074066,8.77809141734057e-05,2.886596886250784,0.0014177837709074066,0.024078071565756982,0.018104183600868604,7.006129047476259,0.13562195580265948,0.021395131811928633,9.713699360931278,0.1882171530460156,0.17938210125997003,0.20269304585716363,0.3462328934916452,0.35968874051847777,0.3400244859664628,0.2048712482780553,0.13562195580265948,0.1882171530460156
A0,28,3102,0.996762500121405,0.8883467453130932,0.017829424772780038,-1.6077928774328003,1.1362375329202794,2.8786133248551433,2.891441977667343,0.0013680080446843708,8.734200960253867e-05,2.8851644546306776,0.0013680080446843708,0.022660247068682846,0.017212671181485655,6.999379316816354,0.13555884391610934,0.019239968564779907,9.82683059443084,0.19043592454685845,0.17938210125997003,0.20113060638266667,0.34280557962071695,0.36283620097203534,0.33420409089310116,0.20581709140639626,0.13555884391610934,0.19043592454685845
A0,29,3102,0.9970151677438044,0.8883467463131366,0.01663278014021799,-1.6130142537362446,1.1381623127936653,2.877526463583608,2.889510569972094,0.0012601172407810614,8.690529955452598e-05,2.8836445289008514,0.0012601172407810614,0.02110430736246639,0.015602400677047452,7.0282092255757265,0.13607002792175027,0.020250134523225466,9.749683865721812,0.18897475124805163,0.17938210125997003,0.2019166400823533,0.3428461393801851,0.3640938131724683,0.33757844290622835,0.2062403477309795,0.13607002792175027,0.18897475124805163
A0,30,3102,0.9971995186393288,0.888346746955019,0.015680154526502184,-1.62206003538694,1.1515893527871743,2.8762404726375532,2.887875557938071,0.001227539220282605,8.647077305675335e-05,2.882180768812565,0.001227539220282605,0.019922600698815452,0.014649263277588512,6.9067304033285,0.1336987384236297,0.02068753423865131,9.677433415618706,0.18774469063361313,0.17938210125997003,0.20016099290943212,0.3417324963182713,0.35661585744930785,0.33594786688434275,0.20507465757513313,0.1336987384236297,0.18774469063361313
A0,31,3102,0.9973210015479874,0.8883467447952053,0.015011317454338662,-1.6353052315169319,1.1710396892670407,2.875356717820009,2.886325296420865,0.001194354669760789,8.603841919146959e-05,2.880960444187324,0.001194354669760789,0.01917117447108161,0.013825941900830493,6.937081059616809,0.13433917077318916,0.021426966984159825,9.76993688645344,0.18956726304186958,0.17938210125997003,0.20223006028681995,0.3453995027045688,0.36203967932234987,0.3384621096921436,0.20545259063665786,0.13433917077318916,0.18956726304186958
A0,32,3102,0.9975482746915869,0.8883467471431133,0.01391089272364606,-1.6515979914410852,1.175906064469226,2.8746032765141583,2.8851399240688123,0.0010981350741863887,8.560822709551223e-05,2.8799814132612145,0.0010981350741863887,0.017848335297831194,0.012775770993331086,6.982522266351291,0.13513264100012076,0.02023301303486099,9.85170280920309,0.19084110837344176,0.17938210125997003,0.2007563105020463,0.3413001416889386,0.35948843986098133,0.3376882022853648,0.2046148098335507,0.13513264100012076,0.19084110837344176
A0,33,3102,0.9976960694449333,0.8883467460594617,0.01314288398558367,-1.6392973739797925,1.1808297353867367,2.8731315804540634,2.883266892793121,0.001066977515878362,8.518018596003468e-05,2.878305933710902,0.001066977515878362,0.016895200413567096,0.01216616866650338,6.9916737542216145,0.13530418759798546,0.02176217303292177,9.84337209777575,0.19085242323256071,0.17938210125997003,0.19975606622697598,0.340541340684874,0.3639675048561871,0.3343230540204919,0.2054138386433714,0.13530418759798546,0.19085242323256071
A0,34,3102,0.997754764672721,0.8883467467428312,0.012852085897744848,-1.6645358721049022,1.1947369236916328,2.8724399083449015,2.8821434563049357,0.001038082520488017,8.47542850302345e-05,2.87739549127293,0.001038082520488017,0.01650367200451826,0.01152835375197517,6.979904668024409,0.13524706996728353,0.02038068564561604,9.854066632015813,0.19099361729654876,0.17938210125997003,0.20220412160112952,0.33972586845309377,0.35922377042212716,0.33563646449801626,0.2072777155410038,0.13524706996728353,0.19099361729654876
A0,35,3102,0.9979229899953415,0.8883467468045027,0.011919499154053607,-1.654350657532035,1.1912727834105517,2.8717525780679987,2.881084094536154,0.0009963197831737314,8.433051360508334e-05,2.8765179659961695,0.0009963197831737314,0.015321998519357763,0.010740091898634977,7.010985320174107,0.1356581960483427,0.020312734896296196,9.794985568992725,0.18982675142019034,0.17938210125997003,0.2045115077909961,0.34463471068132123,0.3671752881046824,0.3397567054194011,0.2098310628298963,0.1356581960483427,0.18982675142019034
A0,36,3102,0.9980140849469931,0.8883467488356519,0.011473459970529322,-1.6859039677687877,1.2033879287037716,2.8706389678263635,2.8792838918560544,0.0009465676403962029,8.390886103705792e-05,2.875056085507166,0.0009465676403962029,0.014810759892523152,0.01025527074474874,6.992874832479976,0.13539282503594632,0.023006421358199015,9.817298185257684,0.19048533180289737,0.17938210125997003,0.20221388127571077,0.3439283041450917,0.36399433259077874,0.33816381842316534,0.2085074427673656,0.13539282503594632,0.19048533180289737
A0,37,3102,0.9980216558668054,0.8883467470069205,0.01129699089707623,-1.6902057392794938,1.216108275530523,2.8698604522630076,2.878145295668962,0.0009576035473248187,8.348931673187264e-05,2.8740986344050596,0.0009576035473248187,0.014582362308596471,0.009673739144178229,7.036238351411987,0.13614022762436068,0.021533708558208572,9.863552405166695,0.19092325485484954,0.17938210125997003,0.2020092552695214,0.33976368150474984,0.35990855078173023,0.3337183342053649,0.20636528943864146,0.13614022762436068,0.19092325485484954
A0,38,3102,0.9981614854169454,0.8883467474327102,0.010694164483881897,-1.7189084638582819,1.224064002282745,2.868825538971394,2.8769727221654833,0.0008943307924262132,8.307187014821327e-05,2.8729885631122216,0.0008943307924262132,0.01382947409631582,0.009424690653960783,6.994700694542281,0.13540524349656072,0.020629749346650048,9.772752818165218,0.1893559174358132,0.17938210125997003,0.2041501396848412,0.34307504909719977,0.363758773160961,0.3380107374129335,0.20831623526101703,0.13540524349656072,0.1893559174358132
A0,39,3102,0.9982352778478772,0.8883467483626284,0.01025553847709922,-1.7274879402194074,1.2381855687970742,2.868057569734812,2.875782410908238,0.000865142635070972,8.265651079747221e-05,2.8720065022719306,0.000865142635070972,0.013314834774841444,0.008886257156514128,6.991068120737721,0.1353191624488137,0.02001230679792509,9.823454014932054,0.1904328980781885,0.17938210125997003,0.20353008349415627,0.34557032669904864,0.36799272136063593,0.3397790844520826,0.20767845444464952,0.1353191624488137,0.1904328980781885
A0,40,3102,0.9982379795875426,0.8883467477603592,0.010226469147350727,-1.741442733223814,1.2361288926322265,2.8673908891141346,2.8746844842841788,0.0008660384724519134,8.224322824348484e-05,2.871124292213799,0.0008660384724519134,0.01326273736898472,0.008706827367410198,6.962712974974585,0.13479467369491543,0.020516587082254754,9.835303944958033,0.19073719922266433,0.17938210125997003,0.20302790215218,0.3458526424707824,0.37050155836018195,0.3422339596816998,0.20908204441827336,0.13479467369491543,0.19073719922266433
A0,1,3103,0.4438373500333333,0.8883467362454507,1.0873546535619787,-0.23165271128566306,0.07089811935939411,3.027754940409064,3.0362986448027374,0.06547583269295124,0.0001,3.032572969092841,0.06547583269295124,1.1113859773511934,1.0130639325959814,7.035811613277286,0.1360701431700012,0.021165329736678368,9.83909031759353,0.19049387969058737,0.17938210125997003,0.20463866722885143,0.3485325205307245,0.36240476134512445,0.3400542430788948,0.20750486029500373,0.1360701431700012,0.19049387969058737
A0,2,3103,0.640174696749426,0.8883467380412172,0.8002387218273291,-0.3585671045896111,0.16672975716905436,2.994599062252264,3.0210635810577227,0.09547703973768185,9.95e-05,3.009575940027029,0.09547703973768185,0.8605627337134905,0.7486975335663109,7.059505586337326,0.13662308825953315,0.019577047138820202,9.850081457891061,0.19087128898785538,0.17938210125997003,0.2033733182492551,0.34249960091906817,0.35497959638639026,0.3336741578336177,0.20606682743416743,0.13662308825953315,0.19087128898785538
A0,3,3103,0.6804266694631402,0.8883467389424461,0.7290373298330762,-0.41200357959697476,0.30483233524684605,2.9794975513705704,3.006230775989703,0.06255453740873178,9.90025e-05,2.994792573008554,0.06255453740873178,0.8104686994473401,0.7338391636255284,7.047331906649702,0.1364481926319145,0.02136597179263579,10.044908401113604,0.19478536630516177,0.17938210125997003,0.20200879490107632,0.34358287535168314,0.35883649529760386,0.3344614656411865,0.2045867237063606,0.1364481926319145,0.19478536630516177
A0,4,3103,0.6932097567340088,0.8883467405856148,0.7175505718663849,-0.4906559431263871,0.42039034528827707,2.9682576814420463,2.9942485333583932,0.0422723883548837,9.85074875e-05,2.983085972262305,0.0422723883548837,0.8128373489729059,0.7339226564159349,7.090444906463001,0.1372609537284675,0.021529695731221456,10.031525764163076,0.194354917958718,0.17938210125997003,0.2040947908263528,0.3473683792584984,0.3543261319722946,0.33917900639889614,0.20048792512899036,0.1372609537284675,0.194354917958718
A0,5,3103,0.7194774992576813,0.8883467403894514,0.6814371630415146,-0.578979308628735,0.5133432971032942,2.958250909530473,2.98582948482543,0.03069112348959114,9.80149500625e-05,2.9737580356997544,0.03069112348959114,0.7843672775852694,0.6977247708967869,7.025285632588411,0.13604942048956628,0.020486357002623714,10.044682250827327,0.19463621011142343,0.17938210125997003,0.20280731852804676,0.344657163044668,0.35873269705164634,0.336945282404175,0.2024691463856215,0.13604942048956628,0.19463621011142343
A0,6,3103,0.7528360156276663,0.8883467398809577,0.6310316790649099,-0.6550546460686733,0.5831192638659635,2.9497217241028832,2.9786693572176857,0.02314407771765802,9.75248753121875e-05,2.96578363497687,0.02314407771765802,0.7387170456178769,0.6438036842248162,7.072115675399178,0.13683783575898673,0.020484751857440458,9.9571452081801,0.1929719685162546,0.17938210125997003,0.20447061935000205,0.3462066940073803,0.3584030056728071,0.33642592208690186,0.20597052522254794,0.13683783575898673,0.1929719685162546
A0,7,3103,0.7929510458168494,0.8883467421768205,0.5633673871834446,-0.7357676738840914,0.6524553912452178,2.942890245865188,2.972555653475456,0.01736508840823167,9.703725093562657e-05,2.9591295710592673,0.01736508840823167,0.67329200257544,0.573452549172837,7.068920363858031,0.1367386731870765,0.020534511160607755,10.001644021685959,0.19380160610315234,0.17938210125997003,0.2016084873483757,0.3413418966345489,0.35046020110001724,0.333622320025657,0.20024871677160264,0.1367386731870765,0.19380160610315234
A0,8,3103,0.8312112725997962,0.888346740999109,0.4934724804009272,-0.8197893653927852,0.6993664103682165,2.936230644121783,2.965471793090161,0.01297465554507841,9.655206468094843e-05,2.952065019875799,0.01297465554507841,0.6046334466224389,0.5012018722722609,7.0300802421151545,0.13605645887939602,0.01917255286341847,9.914993569211305,0.19208635340301583,0.17938210125997003,0.2033465097689729,0.34290002119737895,0.3596108199348032,0.33454812002064804,0.20553526746925344,0.13605645887939602,0.19208635340301583
A0,9,3103,0.8631416215027458,0.8883467416393608,0.42596396930195124,-0.901957811988934,0.7540074620205094,2.930520484525492,2.959091607006491,0.010464709811268262,9.606930435754369e-05,2.945852516781449,0.010464709811268262,0.5318739446399714,0.43024772764680785,7.083039813023761,0.1370285542840535,0.020075442059896885,10.033951384300925,0.19417242104021884,0.17938210125997003,0.20565330735878662,0.34695881515992494,0.36170156520210583,0.34014370204943617,0.20573445491576461,0.1370285542840535,0.19417242104021884
A0,10,3103,0.8932848692204577,0.8883467421791589,0.3549432181059625,-0.9878557608150061,0.8039982474731737,2.925744269937106,2.9529519118069234,0.00829840311041255,9.558895783575598e-05,2.9401779297983057,0.00829840311041255,0.45414903092312486,0.3580647756069702,7.034152010678249,0.1362918338426385,0.019775014183630518,10.01601209188364,0.19429813182613997,0.17938210125997003,0.20318835946741734,0.34651308330403785,0.35551039838321047,0.33756912326796,0.20409208705251136,0.1362918338426385,0.19429813182613997
A0,11,3103,0.9118521913766202,0.8883467395125529,0.30733914738246754,-1.0686947064352377,0.8699879629956763,2.9207778749249695,2.94712296833127,0.007220378260424812,9.51110130465772e-05,2.934672457000281,0.007220378260424812,0.3991624019605917,0.30997640777357355,7.0756888631093275,0.13703796652487246,0.018762975541634086,10.238413776900485,0.19861557985770337,0.17938210125997003,0.20449200270676546,0.35208606429063205,0.3625479840976971,0.3417705268002628,0.20497000383192235,0.13703796652487246,0.19861557985770337
A0,12,3103,0.9301901501479072,0.8883467400566386,0.2568462131299225,-1.1152099269991163,0.9029572027756663,2.9169634549475427,2.9419259723237405,0.006110722732333946,9.463545798134431e-05,2.9300557856376352,0.006110722732333946,0.3393293458863614,0.25916281281745895,7.090357392503504,0.13728477827171384,0.021568486605917387,10.137159465324311,0.19644507938846573,0.17938210125997003,0.2015349824672167,0.3418432191495648,0.36303254734473617,0.3349192667501361,0.2087127346336172,0.13728477827171384,0.19644507938846573
A0,13,3103,0.9409151177878198,0.8883467400737232,0.22603018661299884,-1.1813949686104523,0.9453210758508799,2.913018367457472,2.936331093140229,0.005567444677755069,9.416228069143759e-05,2.9252314765335634,0.005567444677755069,0.30246808187101554,0.2272149954211976,7.0088534268022284,0.13577838283368296,0.020261637948380175,9.981772012554215,0.19369425140935911,0.17938210125997003,0.20168535258788406,0.344392130375327,0.359358916065415,0.33586141640801775,0.20406155984723165,0.13577838283368296,0.19369425140935911
A0,14,3103,0.9518211669677566,0.8883467392519075,0.19239077810522479,-1.240433832675798,1.0061093082241555,2.909428016086944,2.9317222464440476,0.0047975015813944396,9.36914692879804e-05,2.9210548791285906,0.0047975015813944396,0.26052135370279333,0.19384916357761015,7.004914046827713,0.135506395351705,0.020822900627593226,10.105733411235668,0.1958879098220695,0.17938210125997003,0.20098903868765977,0.3449870067983447,0.36305831370435737,0.33716098165997627,0.20598747779646617,0.135506395351705,0.1958879098220695
A0,15,3103,0.958699986388498,0.8883467392691541,0.16983116023507122,-1.2915471778226852,1.0403924137761005,2.9061324465014766,2.927053374927983,0.004440156680009381,9.32230119415405e-05,2.917036926534228,0.004440156680009381,0.23243764700500635,0.17042798150247782,6.9914053061552215,0.13535529402307947,0.021430177324231754,9.957029716636901,0.1929786431277521,0.17938210125997003,0.2006730782244815,0.34064459863819935,0.35741231381223443,0.32959918148313344,0.2036631804168894,0.13535529402307947,0.1929786431277521
A0,16,3103,0.9640139004917175,0.888346739185299,0.15226835398439215,-1.3326237330674042,1.0675877552461617,2.902918410287522,2.922935481049574,0.00399442577712379,9.27568968818328e-05,2.9133263884537803,0.00399442577712379,0.2104850949715004,0.1528968691460181,7.0472681717067935,0.13637962567471373,0.019469503088582182,9.928786742924997,0.19258354213469994,0.17938210125997003,0.20097020714428654,0.34236270012543274,0.35817320741127046,0.3322977444554648,0.20651311753003784,0.13637962567471373,0.19258354213469994
A0,17,3103,0.9685549770291445,0.8883467390810311,0.13632651390792072,-1.3839040646057625,1.1049225841166512,2.900419508924988,2.919172971414233,0.003714661023795622,9.229311239742364e-05,2.9101677049383365,0.003714661023795622,0.1897998705552303,0.13679775222504417,7.014791521611768,0.13588868192130188,0.02022578995622527,10.002263822016262,0.1941192667962829,0.17938210125997003,0.19857353784688067,0.33768996075946794,0.35137609498512545,0.3307047926098778,0.20111790293555581,0.13588868192130188,0.1941192667962829
A0,18,3103,0.9730871712004024,0.8883467392794993,0.11993740577038198,-1.427507047984043,1.1317929380666254,2.8978518596951917,2.915260014625696,0.0033814991263628026,9.183164683543651e-05,2.906894087791443,0.0033814991263628026,0.16879356065857246,0.12025798136218965,6.978748780643333,0.13512711099807231,0.01788443084178346,9.86754125738851,0.19130572683816666,0.17938210125997003,0.20114655287706115,0.3430138254119606,0.357291136958291,0.33463651688999674,0.20539119542482193,0.13512711099807231,0.19130572683816666
A0,19,3103,0.9759161341624666,0.8883467369734365,0.10972010942544788,-1.4426084626448243,1.1498550672628127,2.895121843580811,2.9119400629767322,0.0030753574843958315,9.137248860125932e-05,2.903838490269625,0.0030753574843958315,0.15614474650712185,0.10975134318232553,7.031155288020272,0.1359269695470083,0.01926458073764244,10.039482902097474,0.194399844441538,0.17938210125997003,0.20224973494710213,0.34368396037875604,0.3579181825763054,0.33527955464349035,0.20603574483414713,0.1359269695470083,0.194399844441538
A0,20,3103,0.978521870311253,0.888346737168669,0.1001119727675894,-1.4807923309178466,1.1870555508887173,2.8933845511054885,2.9092158316950028,0.002875746296468512,9.091562615825302e-05,2.9015877662241527,0.002875746296468512,0.14407323503917047,0.10044033197138183,6.922361040424086,0.1339265323386418,0.020000803318617637,9.919468217737094,0.19203107654460944,0.17938210125997003,0.19931723966650414,0.3368486864785298,0.36060183891670755,0.33046575959227725,0.203049289811863,0.1339265323386418,0.19203107654460944
A0,21,3103,0.9807469509359399,0.8883467378749142,0.09139207207675393,-1.5053027599810012,1.193902683265791,2.8905561275857186,2.90547021333851,0.0026871524163938057,9.046104802746175e-05,2.898281885924761,0.0026871524163938057,0.1325276332935313,0.09189456036609517,7.12488559602994,0.13785667083192688,0.019560728387467648,10.08348238735196,0.1955130803566068,0.17938210125997003,0.20437985801169375,0.34761446842693544,0.362560300545746,0.3375014489914259,0.20864109053705515,0.13785667083192688,0.1955130803566068
A0,22,3103,0.9826275337545968,0.8883467369477186,0.08413267234661222,-1.5206001914081593,1.2072302540336917,2.88867577451926,2.9028279634896155,0.0025032685265166297,9.000874278732444e-05,2.896002195766955,0.0025032685265166297,0.12312334584895293,0.08410077197524085,7.009728298898329,0.13563978083901662,0.019979669040675913,9.865848635945005,0.19117711519094227,0.17938210125997003,0.20109832862998997,0.3381738161134502,0.3603111687336075,0.32957343048510257,0.202206338866708,0.13563978083901662,0.19117711519094227
A0,23,3103,0.9845136432937504,0.8883467359956237,0.07661960754484216,-1.5220897454648254,1.2229770225894974,2.886586034886462,2.900160923788386,0.0023623748453201567,8.955869907338781e-05,2.8936097156577216,0.0023623748453201567,0.11361952124666193,0.07707334613114361,7.030731836954753,0.13604586241718572,0.020426967013836575,9.813557475494063,0.19032891550134018,0.17938210125997003,0.20178472222864963,0.34063255018188376,0.36349570562623523,0.33251502547789824,0.20271984521257744,0.13604586241718572,0.19032891550134018
A0,24,3103,0.9861852100957355,0.8883467367898018,0.0696284939822016,-1.5360148524118862,1.2278509027283282,2.884554825885698,2.897248583703583,0.0022248883826762526,8.911090557802087e-05,2.8911241941008585,0.0022248883826762526,0.10442721727172175,0.0701726498305947,7.0608346515032485,0.13665610824072844,0.01927474652903594,9.980828836634942,0.1935710443285704,0.17938210125997003,0.20132914664161006,0.34076430544654807,0.3581688630656245,0.3323193427593855,0.20303368395131627,0.13665610824072844,0.1935710443285704
A0,25,3103,0.9877231634524001,0.8883467362965887,0.06304110577626545,-1.5556235125788582,1.2386184489271106,2.883494757107287,2.8954477939759,0.0020730578221565626,8.866535105013077e-05,2.8896785779812304,0.0020730578221565626,0.09512471701503687,0.0634083100671788,7.041613075667455,0.13624745420100123,0.02000026815816802,9.929379934244288,0.19242557329545848,0.17938210125997003,0.199327040001164,0.34012198044154585,0.3584312263959914,0.333063050187873,0.20225842122114107,0.13624745420100123,0.19242557329545848
A0,26,3103,0.9887077959877955,0.8883467364873903,0.05879786972518149,-1.5949679244585104,1.258312828146639,2.881777043525989,2.8931520554214614,0.001945087560058819,8.822202429488011e-05,2.8876590642534907,0.001945087560058819,0.08958498070045708,0.058498950920520126,7.035972940493546,0.13623071500507114,0.01981059463035441,9.965889810277156,0.19302481223744283,0.17938210125997003,0.19908498964910762,0.33844718614362934,0.3632995624534702,0.33131203991727215,0.2018352041502347,0.13623071500507114,0.19302481223744283
A0,27,3103,0.9896329534872819,0.8883467374043545,0.05477710739500614,-1.6182850208024768,1.270894355235654,2.879904587664369,2.890858858002587,0.0018721598345839317,8.77809141734057e-05,2.885568936506177,0.0018721598345839317,0.0841711245577409,0.05473611698014837,6.985243248959432,0.13530244392793356,0.020094168753614337,9.945884876233295,0.192784424767726,0.17938210125997003,0.20066038661667804,0.3437252178599828,0.36235625076034433,0.3343494127347563,0.2040192872955558,0.13530244392793356,0.192784424767726
A0,28,3103,0.9906666116766177,0.8883467378214082,0.05016724310665283,-1.6153840074848962,1.2737913622819297,2.8785198661065676,2.8888775582086343,0.0017532976565635152,8.734200960253867e-05,2.883874042299667,0.0017532976565635152,0.07777052049410939,0.0505691777179494,7.012846614434108,0.135749534717796,0.01903638370502531,9.934208922741705,0.19261810065009036,0.17938210125997003,0.20456378824715868,0.34574365212132085,0.364686126075685,0.33817657718246574,0.20616957359434512,0.135749534717796,0.19261810065009036
A0,29,3103,0.9914839419514114,0.888346738094241,0.046339022817714945,-1.6116677737348912,1.276800763004753,2.8771425188956385,2.887046475532271,0.0016951161591534972,8.690529955452598e-05,2.882264007862345,0.0016951161591534972,0.07251846839884628,0.046465330365634536,7.072544654110819,0.13687626429605504,0.019374265013199842,9.997602444686736,0.19370443480472105,0.17938210125997003,0.20040863484269783,0.33578988962670725,0.3615303376982554,0.32769183227269166,0.20573302285557382,0.13687626429605504,0.19370443480472105
A0,30,3103,0.9924037215775201,0.8883467379327858,0.04205085160084659,-1.6272247428358608,1.2893938954254904,2.876334131961575,2.885597352832385,0.0015670911956285436,8.647077305675335e-05,2.881122451254202,0.0015670911956285436,0.06646795249277689,0.042070529935829076,7.064238151263075,0.13677624570409655,0.020238095980786373,10.062995509993762,0.1950487095433534,0.17938210125997003,0.2024486787177706,0.34277108510265525,0.36813093727308044,0.3365794414340445,0.20517794022734245,0.13677624570409655,0.1950487095433534
A0,31,3103,0.9929678026557082,0.8883467383452505,0.03934356463277752,-1.67299100371165,1.3133300469444185,2.8751239785849707,2.8842044755662486,0.0015215395109239198,8.603841919146959e-05,2.879816378059398,0.0015215395109239198,0.06254915245295835,0.03924314880586918,7.072012238434781,0.1367845112005048,0.020014981960542917,9.987966557138396,0.19349610938888226,0.17938210125997003,0.20052960138098241,0.34176576239569634,0.3630143629282378,0.33341721716138084,0.20706782226314704,0.1367845112005048,0.19349610938888226
